ID,ESTATUS,OPTIMIZADA
47580342589,in_container,B6_AM2
47588614505,sorting,
47584337089,sorting,
47583491848,in_container,K3_AM2
47580420974,in_container,A3_AM2
47588792374,in_container,J2_AM2
47588195276,in_container,J2_AM2
47589009149,,
47588883138,in_container,F1_AM2
47571409007,,
47588595995,in_container,D5_AM2
47581150694,,
47580048049,sorting,B1_AM2
47584805372,,
47582318662,in_container,G3_AM2
47588748136,in_container,J1_AM2
47579467108,,
47588727869,in_container,J3_AM2
47589171142,,
47588183107,in_container,C2_AM2
47588858505,in_container,C6_AM2
47584175087,in_container,A1_AM2
47583957026,sorting,
47577856074,,
47580527602,sorting,B5_AM2
47577373025,in_container,J2_AM2
47580611819,sorting,
47580398566,in_container,I1_AM2
47588974969,in_container,J2_AM2
47589167926,sorting,
47583571985,in_container,I5_AM2
47579839056,in_container,I1_AM2
47588678980,in_container,D2_AM2
47584389539,missorted,
47578493604,in_container,J1_AM2
47584044201,,
47578139795,sorting,
47588897175,in_container,A6_AM2
47580798836,in_container,I4_AM2
47577268870,in_container,J1_AM2
47570971199,sorting,
47589170006,sorting,
47580424966,sorting,
47472977277,in_container,G5_AM2
47567035058,,
47482994225,in_container,F2_AM2
47588998601,in_container,G3_AM2
47570668461,,
47580342650,in_container,B3_AM2
47588912147,in_container,J3_AM2
47589174594,in_container,D4_AM2
47588363463,in_container,B5_AM2
47580857051,in_container,D3_AM2
47588458524,in_container,H1_AM2
47580250682,,
47589145466,sorting,
47588348193,in_container,A2_AM2
47585221102,,
47588655009,in_container,J2_AM2
47578997870,sorting,D4_AM2
47588586673,in_container,G2_AM2
47588281552,in_container,G2_AM2
47580515416,in_container,G3_AM2
47584509730,in_container,J3_AM2
47570646705,,
47588100911,in_container,H1_AM2
47588095167,in_container,K1_AM2
47588744779,in_container,F1_AM2
47584333475,,
47588078372,in_container,J1_AM2
47588618441,in_container,C4_AM2
47588864762,in_container,I3_AM2
47589220796,in_container,I2_AM2
47588453429,in_container,C1_AM2
47588940220,in_container,J2_AM2
47588512834,in_container,B1_AM2
47588245935,in_container,G6_AM2
47588992975,in_container,B7_AM2
47589054018,,C6_AM2
47584599499,,
47588669754,in_container,C7_AM2
47588496555,in_container,B5_AM2
47582315469,in_container,H5_AM2
47589036922,in_container,F1_AM2
47568377441,in_container,J3_AM2
47588472210,in_container,I2_AM2
47584927685,,
47579056716,in_container,A5_AM2
47578938266,in_container,C1_AM2
47579914841,in_container,B7_AM2
47580714271,,
47588519109,in_container,H3_AM2
47580526092,sorting,I6_AM2
47588251800,in_container,A1_AM2
47583059537,in_container,H4_AM2
47581266552,in_container,B2_AM2
47580538286,in_container,B2_AM2
47580771458,,
47583458425,in_container,G2_AM2
47588704403,in_container,A3_AM2
47588485853,in_container,G5_AM2
47588889102,in_container,C2_AM2
47568371566,sorting,
47580362475,in_container,I4_AM2
47580611922,in_container,I4_AM2
47570772688,,
47585292788,,
47588570451,in_container,J1_AM2
47584191445,in_container,I3_AM2
47583335297,in_container,C3_AM2
47570997493,in_container,C5_AM2
47589027267,,
47583987344,,
47588374737,in_container,H6_AM2
47571799117,in_container,D1_AM2
47588711958,in_container,I5_AM2
47588921562,in_container,I6_AM2
47579701839,in_container,K5_AM2
47588695856,,
47582975642,in_container,F1_AM2
47588717977,in_container,G4_AM2
47583554444,in_container,D2_AM2
47588919869,sorting,
47588372302,in_container,G2_AM2
47589124708,in_container,G5_AM2
47584424034,in_container,J3_AM2
47588911635,in_container,A6_AM2
47588710680,in_container,D5_AM2
47583581309,sorting,
47584375480,sorting,I2_AM2
47589294624,in_container,A1_AM2
47583812398,in_container,H1_AM2
47588133267,,
47589299898,,
47583493032,in_container,F1_AM2
47589061294,sorting,
47588984482,in_container,J2_AM2
47584028622,in_container,J2_AM2
47580842030,in_container,D1_AM2
47584507214,in_container,D2_AM2
47588916166,in_container,J2_AM2
47578573299,in_container,I5_AM2
47588754233,in_container,A3_AM2
47580527572,in_container,D2_AM2
47580073940,in_container,C6_AM2
47577409600,in_container,F2_AM2
47588580044,in_container,C3_AM2
47588122377,sorting,
47588001143,sorting,
47589065412,sorting,
47580706284,sorting,
47580813664,,
47580771868,,
47588517538,in_container,G5_AM2
47588847250,in_container,C4_AM2
47570901011,,
47580644686,sorting,
47588849538,in_container,J3_AM2
47583800854,in_container,H7_AM2
47589212786,sorting,
47588406903,in_container,A1_AM2
47583866571,in_container,B4_AM2
47578916564,,C1_AM2
47580845972,in_container,D6_AM2
47580185767,sorting,
47580490743,in_container,D1_AM2
47580696414,in_container,I1_AM2
47588773495,in_container,D5_AM2
47579599203,sorting,
47583107683,in_container,C5_AM2
47580796186,in_container,J1_AM2
47589296540,in_container,A2_AM2
47584550260,sorting,
47569882120,in_container,C3_AM2
47589193484,sorting,
47588786477,in_container,I4_AM2
47584634884,in_container,G3_AM2
47582887560,in_container,C3_AM2
47588105630,sorting,
47580185131,in_container,C1_AM2
47580610734,in_container,G5_AM2
47588867274,sorting,D2_AM2
47578949636,in_container,I1_AM2
47580402872,sorting,
47583054648,sorting,D3_AM2
47578698331,in_container,J3_AM2
47581643878,in_container,H7_AM2
47588953220,in_container,B7_AM2
47563661704,in_container,B2_AM2
47580283909,sorting,
47577588749,in_container,H3_AM2
47584127498,in_container,F1_AM2
47580572599,,
47589056292,in_container,I3_AM2
47583709145,in_container,J3_AM2
47578912549,sorting,
47588640386,in_container,J2_AM2
47583168052,sorting,
47588937003,in_container,H6_AM2
47588464705,in_container,J2_AM2
47584755889,in_container,G2_AM2
47583192069,in_container,D2_AM2
47582602530,in_container,G5_AM2
47579806867,in_container,A3_AM2
47580645181,in_container,G4_AM2
47588229840,in_container,I3_AM2
47588551833,in_container,A4_AM2
47588923863,in_container,B2_AM2
47588665439,in_container,A1_AM2
47579798846,,A4_AM2
47582687785,in_container,K3_AM2
47583551289,in_container,H5_AM2
47579200656,in_container,H5_AM2
47578378359,in_container,C1_AM2
47580805625,sorting,J2_AM2
47584677370,in_container,J2_AM2
47584780578,,
47580842726,sorting,D4_AM2
47570447769,in_container,F1_AM2
47571114067,,
47588656336,in_container,C1_AM2
47579008318,in_container,D1_AM2
47588945602,sorting,
47587852121,in_container,H5_AM2
47588237727,in_container,J1_AM2
47583256565,sorting,
47582831399,in_container,C4_AM2
47588986236,in_container,I2_AM2
47588350014,,
47589249992,,
47578960298,in_container,G1_AM2
47578207950,in_container,G1_AM2
47588041347,,
47580646248,,
47571795139,,
47578670887,in_container,B6_AM2
47589012142,in_container,D2_AM2
47580227656,in_container,C6_AM2
47579577660,sorting,
47580006209,in_container,C4_AM2
47584018830,in_container,I5_AM2
47577329435,in_container,A3_AM2
47589125630,,
47588818661,,
47580327101,sorting,
47588821942,in_container,J2_AM2
47588753599,in_container,H3_AM2
47582697481,sorting,
47589166466,in_container,A4_AM2
47569503652,,
47588927550,in_container,A2_AM2
47580271537,in_container,B4_AM2
47584889042,sorting,D4_AM2
47580433366,in_container,D4_AM2
47583741948,in_container,J2_AM2
47588029694,in_container,J2_AM2
47589148334,in_container,F2_AM2
47580476256,in_container,I6_AM2
47581784410,in_container,A2_AM2
47578252742,,
47588797825,in_container,B3_AM2
47583546381,in_container,I1_AM2
47567475162,in_container,I2_AM2
47580744536,,
47578646757,in_container,J3_AM2
47583926962,in_container,G3_AM2
47582892706,in_container,D6_AM2
47578609979,in_container,I5_AM2
47588851895,in_container,J1_AM2
47581989591,sorting,
47588713057,in_container,A3_AM2
47581018382,in_container,J1_AM2
47580992948,in_container,I3_AM2
47579411084,in_container,G2_AM2
47584427129,in_container,I2_AM2
47589129570,in_container,G6_AM2
47588476269,in_container,C6_AM2
47588343728,in_container,A4_AM2
47588991618,in_container,F2_AM2
47584335258,in_container,A1_AM2
47582600406,in_container,D5_AM2
47580003400,,
47588322190,in_container,D2_AM2
47584686800,in_container,I1_AM2
47588827089,in_container,I1_AM2
47575402273,in_container,J3_AM2
47588803185,in_container,D2_AM2
47589252818,,
47588309083,in_container,J2_AM2
47588927633,in_container,H1_AM2
47568792598,,
47580480829,sorting,
47559854238,,
47589154578,in_container,K3_AM2
47588705206,in_container,K3_AM2
47583471920,in_container,B4_AM2
47589217654,in_container,B4_AM2
47579277108,sorting,B1_AM2
47583805224,in_container,D1_AM2
47584627091,in_container,I2_AM2
47589044516,,
47584143281,in_container,H6_AM2
47583048635,in_container,F1_AM2
47578509066,in_container,G6_AM2
47589044149,,
47584174682,in_container,H7_AM2
47588426743,in_container,B5_AM2
47589104090,in_container,A3_AM2
47588784926,,
47570718129,in_container,G3_AM2
47578832544,sorting,H1_AM2
47588335730,in_container,G1_AM2
47589221932,in_container,A4_AM2
47588885711,in_container,G1_AM2
47551759565,,
47584761114,in_container,B5_AM2
47589300350,in_container,F2_AM2
47579502846,,
47589259164,in_container,F1_AM2
47579923193,in_container,J1_AM2
47580387434,,
47588748171,,
47589162006,in_container,B1_AM2
47583238697,in_container,I3_AM2
47589217272,in_container,F1_AM2
47579125592,in_container,J1_AM2
47579906152,in_container,J3_AM2
47574790384,sorting,
47580400895,,
47589115438,in_container,B2_AM2
47587864263,in_container,B6_AM2
47589201526,,
47580800734,in_container,K2_AM2
47580587872,in_container,D6_AM2
47588881997,,
47578878941,,
47584951002,in_container,G2_AM2
47580536425,in_container,G1_AM2
47584280690,sorting,D4_AM2
47580723684,in_container,D2_AM2
47580557861,sorting,
47589041274,in_container,G3_AM2
47570882946,in_container,F1_AM2
47582911022,in_container,I4_AM2
47566594469,,
47576051878,in_container,B7_AM2
47579771019,,
47588408888,in_container,C3_AM2
47579481971,sorting,
47580910069,in_container,D2_AM2
47583550060,sorting,
47578037885,in_container,J3_AM2
47583795743,in_container,I2_AM2
47583386809,in_container,G6_AM2
47579793773,sorting,
47576123055,in_container,C6_AM2
47580292133,in_container,H3_AM2
47588589180,in_container,C3_AM2
47584792684,in_container,F2_AM2
47580811896,in_container,B3_AM2
47588613468,in_container,A2_AM2
47585331377,in_container,H2_AM2
47573950309,in_container,J1_AM2
47580859424,in_container,C5_AM2
47583389214,in_container,J2_AM2
47588486542,in_container,I2_AM2
47588243904,in_container,J2_AM2
47580651497,in_container,C6_AM2
47583739471,in_container,J2_AM2
47588905245,in_container,B3_AM2
47589238982,in_container,D1_AM2
47577673245,in_container,I5_AM2
47578488353,in_container,G4_AM2
47583292931,sorting,G2_AM2
47588576097,in_container,I2_AM2
47579693420,sorting,
47577448615,in_container,C5_AM2
47580456790,,
47588498329,in_container,A3_AM2
47585157056,in_container,H7_AM2
47588142237,in_container,A5_AM2
47577736471,in_container,H2_AM2
47580514383,in_container,I4_AM2
47581082593,in_container,B3_AM2
47578787446,sorting,D4_AM2
47580445381,in_container,H3_AM2
47588890705,in_container,I6_AM2
47580448538,in_container,J1_AM2
47577495763,in_container,K1_AM2
47589067758,in_container,H3_AM2
47588976629,in_container,F2_AM2
47583373653,in_container,F2_AM2
47588619946,in_container,B5_AM2
47577663124,sorting,
47588357809,,
47589064522,in_container,C1_AM2
47580043221,in_container,J1_AM2
47588767397,in_container,C1_AM2
47589155172,in_container,I1_AM2
47588116289,sorting,
47578090122,in_container,I1_AM2
47588949170,in_container,J1_AM2
47579042089,in_container,C2_AM2
47584585553,in_container,J2_AM2
47577611023,in_container,G6_AM2
47588897060,in_container,H4_AM2
47584705892,in_container,H3_AM2
47585321579,,
47577881310,in_container,B5_AM2
47578240871,in_container,B5_AM2
47580055661,sorting,A2_AM2
47580476089,in_container,J3_AM2
47583114637,in_container,A5_AM2
47578051204,in_container,D6_AM2
47588700038,in_container,J2_AM2
47589307636,in_container,G5_AM2
47568834624,in_container,G5_AM2
47585514533,,
47588362858,in_container,J3_AM2
47588721897,,I3_AM2
47582779712,sorting,G2_AM2
47588778695,in_container,F2_AM2
47584262465,in_container,A4_AM2
47580605897,sorting,
47588417025,sorting,
47580651630,in_container,K1_AM2
47583140152,in_container,C7_AM2
47580509081,sorting,H3_AM2
47577528214,in_container,K3_AM2
47580655325,sorting,
47579801770,in_container,B4_AM2
47585536466,,G4_AM2
47588780645,,
47570122617,in_container,G2_AM2
47579290428,,
47580598227,in_container,G5_AM2
47575928620,in_container,G1_AM2
47580343551,,
47580808934,in_container,C5_AM2
47580257533,in_container,A6_AM2
47589001063,in_container,I4_AM2
47584951193,,F2_AM2
47580179053,in_container,F2_AM2
47582809597,sorting,
47579023765,,I6_AM2
47580959494,in_container,C3_AM2
47578683562,in_container,H2_AM2
47563009958,,B1_AM2
47583508861,in_container,D5_AM2
47588683814,in_container,I2_AM2
47579062832,in_container,J3_AM2
47580469157,,
47585088188,in_container,G6_AM2
47580405695,sorting,
47588368895,in_container,B5_AM2
47579983631,in_container,A5_AM2
47580559677,in_container,C1_AM2
47588763068,in_container,J1_AM2
47589010309,in_container,G6_AM2
47588858265,in_container,D3_AM2
47588778057,in_container,C5_AM2
47583597905,in_container,C2_AM2
47589018919,sorting,
47583804487,,
47587779049,in_container,B1_AM2
47588612038,in_container,B1_AM2
47588460227,in_container,D3_AM2
47588695904,in_container,G1_AM2
47578867901,in_container,C3_AM2
47582358043,,
47579480760,in_container,B3_AM2
47584136964,sorting,
47580465531,in_container,H3_AM2
47579030773,in_container,H5_AM2
47581168264,in_container,C2_AM2
47584669534,sorting,
47589046192,in_container,D1_AM2
47570244433,in_container,A4_AM2
47580394911,in_container,H1_AM2
47584740346,in_container,A2_AM2
47580061885,,
47588416019,in_container,G3_AM2
47580703558,in_container,I3_AM2
47585184821,sorting,I1_AM2
47588703855,in_container,C6_AM2
47581083634,in_container,H1_AM2
47588625422,in_container,C7_AM2
47588207806,in_container,K5_AM2
47582061288,,
47577356932,in_container,H5_AM2
47577783830,,
47588601765,in_container,J2_AM2
47588850400,in_container,D4_AM2
47589059188,,
47580505665,,
47584582748,sorting,
47568363274,sorting,
47580564159,sorting,
47578753164,in_container,J1_AM2
47588879511,in_container,G6_AM2
47588823329,,
47580359769,in_container,A2_AM2
47579181312,in_container,C1_AM2
47578932485,in_container,C1_AM2
47588469976,in_container,I2_AM2
47581024704,,
47581911688,sorting,
47582760140,,A5_AM2
47588645627,in_container,G1_AM2
47580141124,sorting,I5_AM2
47580642441,in_container,C3_AM2
47588863253,in_container,A3_AM2
47589193408,in_container,B7_AM2
47588604348,in_container,D1_AM2
47578032921,in_container,A1_AM2
47550916046,in_container,G2_AM2
47588633050,in_container,J3_AM2
47579431550,in_container,C7_AM2
47588482351,in_container,K1_AM2
47580689070,in_container,J2_AM2
47588566325,,
47579141373,,
47580326206,sorting,
47589189336,,
47588907074,in_container,H3_AM2
47588582827,sorting,
47587996443,in_container,D4_AM2
47579885857,,
47584478745,in_container,F1_AM2
47588749524,in_container,F1_AM2
47588866429,in_container,F1_AM2
47588562063,in_container,I1_AM2
47578708754,in_container,I1_AM2
47584720352,sorting,
47588342157,sorting,
47584154474,in_container,A6_AM2
47565405857,in_container,B2_AM2
47579847060,in_container,B6_AM2
47588791444,in_container,C3_AM2
47588876209,in_container,B3_AM2
47583826093,in_container,H5_AM2
47580162529,in_container,B5_AM2
47588795672,in_container,F1_AM2
47589210924,in_container,B1_AM2
47581215722,,
47578912675,,
47580270677,in_container,B1_AM2
47571480224,,
47589123950,in_container,C2_AM2
47589187584,,
47588893118,in_container,D3_AM2
47580557610,sorting,I3_AM2
47588767933,in_container,F1_AM2
47588906195,in_container,G6_AM2
47584873868,in_container,B7_AM2
47588871804,sorting,
47584262497,sorting,
47580633771,in_container,F2_AM2
47583921797,sorting,F1_AM2
47583781062,in_container,J2_AM2
47588069201,in_container,C2_AM2
47580676340,in_container,D5_AM2
47588771542,in_container,I1_AM2
47589144286,in_container,G2_AM2
47588729724,in_container,G2_AM2
47584601765,in_container,G2_AM2
47579901235,in_container,F1_AM2
47588205461,in_container,C5_AM2
47580770616,in_container,J1_AM2
47580340578,in_container,J2_AM2
47580169560,in_container,C6_AM2
47588406873,in_container,A1_AM2
47580183561,sorting,K5_AM2
47589115856,,
47583871047,sorting,
47588735198,in_container,C4_AM2
47584209141,sorting,J3_AM2
47588489215,in_container,A6_AM2
47579938890,in_container,J3_AM2
47588962653,in_container,B1_AM2
47588997733,sorting,G5_AM2
47580596520,sorting,
47589078948,in_container,D4_AM2
47588363819,in_container,I3_AM2
47589202850,in_container,C1_AM2
47578860076,in_container,B2_AM2
47589022842,in_container,F2_AM2
47583488925,,
47582497339,sorting,
47588548419,in_container,A3_AM2
47588572751,in_container,D2_AM2
47585197750,in_container,D1_AM2
47583831291,in_container,D4_AM2
47579429086,in_container,I4_AM2
47577284756,in_container,G3_AM2
47583347065,in_container,J2_AM2
47588592594,in_container,A6_AM2
47589191186,in_container,J1_AM2
47578286951,,
47582192866,in_container,A1_AM2
47579290538,in_container,C3_AM2
47578259950,in_container,H5_AM2
47583286154,in_container,B5_AM2
47579375447,in_container,J1_AM2
47588860133,in_container,C2_AM2
47589145572,in_container,G1_AM2
47583035164,in_container,C5_AM2
47583087900,sorting,
47584354284,sorting,C4_AM2
47566453528,in_container,F1_AM2
47588940670,in_container,I1_AM2
47585141802,,
47589113294,in_container,H2_AM2
47571283415,,
47588646390,in_container,A4_AM2
47589115544,in_container,H1_AM2
47580532700,sorting,I6_AM2
47569146588,in_container,K1_AM2
47577472131,sorting,
47588945259,in_container,D4_AM2
47585032893,in_container,J2_AM2
47578556247,in_container,G1_AM2
47580636666,in_container,D5_AM2
47584108077,sorting,
47580969084,sorting,
47579695035,in_container,D6_AM2
47588634300,in_container,I4_AM2
47588481957,in_container,A1_AM2
47588640365,in_container,I6_AM2
47580439632,sorting,I6_AM2
47580369394,,
47588571713,sorting,
47588605686,in_container,A2_AM2
47583768260,in_container,A5_AM2
47579928080,sorting,D2_AM2
47579311235,,
47589064464,,
47580037726,in_container,J3_AM2
47588858640,in_container,D4_AM2
47579386853,sorting,I2_AM2
47588643610,in_container,G2_AM2
47580134230,in_container,J1_AM2
47582819790,sorting,
47579905610,sorting,C2_AM2
47580343297,in_container,J1_AM2
47588813108,in_container,I2_AM2
47580578727,,
47585639746,in_container,G5_AM2
47583956277,in_container,J3_AM2
47577892954,sorting,
47580842560,sorting,
47575572926,in_container,G6_AM2
47580118989,in_container,G6_AM2
47589010295,in_container,K2_AM2
47583402147,in_container,C3_AM2
47579837363,in_container,C3_AM2
47588717593,in_container,H4_AM2
47582062521,in_container,B4_AM2
47583040044,,
47580812680,in_container,B3_AM2
47578637029,in_container,I3_AM2
47570060670,in_container,J3_AM2
47588941294,in_container,D6_AM2
47582755111,in_container,G3_AM2
47589255040,in_container,J3_AM2
47589292054,in_container,I4_AM2
47583508116,in_container,C6_AM2
47580683319,in_container,D5_AM2
47588359199,in_container,A1_AM2
47578960062,in_container,A3_AM2
47578981242,sorting,
47589111500,in_container,J1_AM2
47577812994,sorting,
47588675472,in_container,C3_AM2
47578497052,in_container,H6_AM2
47577638196,in_container,A3_AM2
47587690775,in_container,B3_AM2
47588218675,in_container,I5_AM2
47588795564,in_container,G4_AM2
47588655485,in_container,G5_AM2
47588972415,in_container,F1_AM2
47579311231,in_container,A1_AM2
47580727605,sorting,F2_AM2
47584153777,in_container,I1_AM2
47588591593,in_container,D3_AM2
47588874263,in_container,D2_AM2
47580218103,in_container,H2_AM2
47584079073,,
47584986013,,
47577643380,,
47588643574,in_container,C1_AM2
47579434315,in_container,C1_AM2
47588078449,in_container,D2_AM2
47581527640,sorting,G5_AM2
47589115378,in_container,C2_AM2
47588034124,in_container,G5_AM2
47580196689,,
47580298989,sorting,
47584003113,in_container,B4_AM2
47589139440,in_container,I3_AM2
47580103073,,
47588195683,in_container,D4_AM2
47571674661,sorting,D1_AM2
47588148334,in_container,J2_AM2
47580445529,in_container,D1_AM2
47582397753,sorting,
47588712541,in_container,J1_AM2
47586208110,in_container,F1_AM2
47588555179,in_container,A5_AM2
47579677085,in_container,A6_AM2
47588774255,in_container,F1_AM2
47588150936,sorting,
47588863651,in_container,D4_AM2
47588705713,in_container,F2_AM2
47580348841,in_container,J1_AM2
47588381925,in_container,D5_AM2
47580755334,in_container,A6_AM2
47588640936,in_container,G2_AM2
47580826098,in_container,J2_AM2
47584368056,sorting,
47582790981,in_container,I2_AM2
47588918649,in_container,A4_AM2
47588760440,in_container,B2_AM2
47583815517,,
47588769565,in_container,H3_AM2
47585223425,,A2_AM2
47584108640,sorting,I1_AM2
47578764123,in_container,D3_AM2
47584280809,sorting,
47584837952,in_container,A5_AM2
47582129869,in_container,D2_AM2
47588362112,in_container,I5_AM2
47581020427,in_container,G1_AM2
47580825826,in_container,I1_AM2
47567306067,,
47584091582,in_container,J1_AM2
47589087394,in_container,J2_AM2
47580733880,in_container,J2_AM2
47579348473,sorting,
47588534034,in_container,G3_AM2
47580197101,in_container,J1_AM2
47580111982,in_container,A5_AM2
47588583200,in_container,I1_AM2
47582495467,sorting,
47588778693,sorting,
47580852500,in_container,G2_AM2
47581399600,in_container,D1_AM2
47588740747,in_container,G4_AM2
47580717871,in_container,B5_AM2
47580866386,sorting,H3_AM2
47582437159,in_container,H6_AM2
47584466817,in_container,B2_AM2
47588345005,in_container,F2_AM2
47588761583,in_container,H1_AM2
47581546434,,
47580338771,in_container,J1_AM2
47585418166,in_container,D3_AM2
47582451601,,
47580657917,sorting,
47577273911,,
47570531104,,
47577745938,in_container,B7_AM2
47563665588,,
47580117502,in_container,A1_AM2
47588140864,sorting,
47582514357,in_container,F1_AM2
47580756849,in_container,B5_AM2
47577049447,in_container,G2_AM2
47577971657,missorted,
47580427706,sorting,
47582635058,in_container,I4_AM2
47579807825,in_container,B2_AM2
47588245090,in_container,F2_AM2
47587709803,in_container,B5_AM2
47588650896,in_container,B5_AM2
47584527888,in_container,B5_AM2
47589180896,in_container,B1_AM2
47578297997,in_container,D1_AM2
47588568890,in_container,J1_AM2
47579747034,in_container,J2_AM2
47583800666,sorting,G3_AM2
47562472047,in_container,I1_AM2
47576122845,in_container,C6_AM2
47588169642,in_container,B7_AM2
47588389047,in_container,C7_AM2
47584792724,sorting,F2_AM2
47589062854,in_container,B2_AM2
47582636953,in_container,H5_AM2
47579095642,sorting,I3_AM2
47588591870,in_container,J1_AM2
47588889004,sorting,
47588468083,in_container,D4_AM2
47580748094,sorting,A3_AM2
47582974680,sorting,
47588722559,in_container,J2_AM2
47580770896,,I4_AM2
47580066213,in_container,B7_AM2
47588046028,in_container,J3_AM2
47583906351,,
47584965708,in_container,A5_AM2
47588607320,in_container,F2_AM2
47588922674,sorting,
47579840635,in_container,J1_AM2
47588806233,in_container,I2_AM2
47584171514,in_container,C3_AM2
47588540197,in_container,G1_AM2
47580737968,sorting,I2_AM2
47588461321,in_container,I5_AM2
47584281139,,
47580584517,sorting,I6_AM2
47588025757,in_container,A1_AM2
47583975356,sorting,
47580261084,sorting,
47588553059,in_container,I1_AM2
47575661356,sorting,
47584638365,in_container,D4_AM2
47588847494,in_container,D1_AM2
47580511926,in_container,A5_AM2
47583990873,sorting,F2_AM2
47589116640,in_container,H3_AM2
47588209061,in_container,B1_AM2
47579967071,in_container,I3_AM2
47588568865,in_container,F1_AM2
47587835063,sorting,
47580142380,in_container,D3_AM2
47582948457,sorting,
47589241442,in_container,C5_AM2
47571219806,,
47588530641,,
47580393433,sorting,
47588838861,sorting,
f3dcca19_5d67_30c4_b975_9a2db59372c4,,
47579389312,in_container,B6_AM2
47583940566,in_container,H1_AM2
47588318981,sorting,
47580490296,in_container,A4_AM2
47589016039,,
47562194694,,H3_AM2
47580171220,in_container,F2_AM2
47584321989,in_container,I1_AM2
47588606929,in_container,D6_AM2
47588722407,,
47588882439,in_container,F1_AM2
47577192361,in_container,G2_AM2
47578004825,sorting,J2_AM2
47579978334,in_container,I4_AM2
47578402903,in_container,A1_AM2
47579081934,sorting,
47588215207,in_container,B6_AM2
47580341016,in_container,C1_AM2
47569999514,,
47580323690,,
47588505980,in_container,F2_AM2
47589124118,,
47584255226,in_container,A5_AM2
47588951198,in_container,A5_AM2
47578581444,in_container,A5_AM2
47576846709,in_container,J2_AM2
47580081581,in_container,J3_AM2
47560116639,,J3_AM2
47584541523,in_container,B1_AM2
47589108540,in_container,A5_AM2
47583074211,in_container,K3_AM2
47588816651,in_container,F1_AM2
47565840940,,
47588793303,,
47578315802,in_container,G2_AM2
47582816456,sorting,
47588992057,in_container,J3_AM2
47567468812,,
47589120256,in_container,H4_AM2
47588316245,in_container,F2_AM2
47580022045,in_container,B6_AM2
47588787907,in_container,I6_AM2
47578948044,in_container,A2_AM2
47580410638,in_container,F2_AM2
47588741321,sorting,
47579196363,in_container,J1_AM2
47588823645,in_container,H6_AM2
47582064401,in_container,D4_AM2
47580157446,sorting,D2_AM2
47580157290,in_container,A3_AM2
47581137236,in_container,A5_AM2
47569455553,,
47589242310,in_container,J3_AM2
47581519557,sorting,
47551246292,,
47579737450,in_container,D4_AM2
47588635393,in_container,D2_AM2
47588908993,,
47585178781,,
47577399059,in_container,H1_AM2
47580814010,in_container,B5_AM2
47584440798,in_container,I4_AM2
47579800698,in_container,B6_AM2
47580824280,in_container,B2_AM2
47588109479,in_container,K2_AM2
47588951869,in_container,B5_AM2
47579952702,in_container,J2_AM2
47588601313,in_container,G4_AM2
47579263369,in_container,J2_AM2
47588143008,in_container,J1_AM2
47580656833,,
47587847979,in_container,C4_AM2
47583254746,in_container,I3_AM2
47580842336,in_container,G4_AM2
47580069489,sorting,
47579506494,in_container,B7_AM2
47579992572,in_container,B3_AM2
47560607953,in_container,I1_AM2
47580433741,in_container,A3_AM2
47588848873,in_container,D1_AM2
47588437573,in_container,A1_AM2
47577245761,in_container,B2_AM2
47580843634,,
47581445299,,G4_AM2
47571331437,,
47580062447,in_container,K4_AM2
47584765104,in_container,C5_AM2
47589210566,in_container,A3_AM2
47580457979,in_container,F2_AM2
47580193122,sorting,A1_AM2
47556290298,,
47583057850,in_container,B6_AM2
47578261060,in_container,B5_AM2
47588821440,in_container,A2_AM2
47572171384,,
47580490953,in_container,I1_AM2
47578709821,in_container,C4_AM2
47579351475,in_container,C4_AM2
47589006332,in_container,C4_AM2
47589083036,in_container,A3_AM2
47579973292,in_container,J2_AM2
47589224120,in_container,C5_AM2
47572321176,in_container,J3_AM2
47580627305,in_container,B2_AM2
47588923697,in_container,C7_AM2
47580150874,in_container,B4_AM2
47572077648,,
47572179942,,
47588816308,in_container,J3_AM2
47588930767,,
47588933976,in_container,G3_AM2
47580583092,sorting,I2_AM2
47584854223,,
47584902106,in_container,C1_AM2
47588504882,in_container,F2_AM2
47585003263,in_container,I1_AM2
47580674825,sorting,F1_AM2
47580176383,sorting,I3_AM2
47583470125,in_container,C5_AM2
47585080172,in_container,J2_AM2
47585379132,in_container,J2_AM2
47588526629,in_container,I1_AM2
47584005404,in_container,G6_AM2
47580090757,in_container,G6_AM2
47578136815,in_container,C7_AM2
47589110602,,
47569312933,sorting,
47588545170,in_container,J3_AM2
47568535025,in_container,J1_AM2
47584354591,sorting,I1_AM2
47588648076,in_container,J2_AM2
47579336162,in_container,A3_AM2
47588273283,in_container,I2_AM2
47589247996,in_container,G2_AM2
47589277486,in_container,G4_AM2
47579123123,,
47580603873,in_container,J2_AM2
47470941402,in_container,J3_AM2
47588582917,in_container,I2_AM2
47583368183,in_container,I3_AM2
47588325198,in_container,G6_AM2
47589246980,in_container,G2_AM2
47588448719,in_container,B6_AM2
47581726647,sorting,
47587703901,in_container,B3_AM2
47582457881,sorting,
47589251240,in_container,J3_AM2
47588706277,in_container,C1_AM2
47588711346,in_container,I3_AM2
47579562254,in_container,C5_AM2
47588743799,in_container,G6_AM2
47577163943,,
47580089974,in_container,G4_AM2
47580024115,sorting,A3_AM2
47579570180,,
47578703524,in_container,J3_AM2
47588421104,sorting,
47574707726,,
47577284732,in_container,G3_AM2
47580737107,in_container,C2_AM2
47578041582,in_container,H4_AM2
47583947425,in_container,B2_AM2
47588570503,in_container,A4_AM2
47571683581,sorting,A4_AM2
47580894502,in_container,F1_AM2
47589031672,in_container,F1_AM2
47580359803,sorting,
47587732395,in_container,B1_AM2
47580180619,in_container,D2_AM2
47580215287,sorting,
47561964130,,
47588950275,in_container,D2_AM2
47589073830,sorting,I5_AM2
47580392713,,
47588774711,in_container,H1_AM2
47577756360,in_container,C3_AM2
47580053673,in_container,B4_AM2
47588982313,,
47577640400,in_container,D4_AM2
47589204600,in_container,F1_AM2
47588398001,sorting,
47589169940,,
47580432239,in_container,I5_AM2
47589065962,in_container,H4_AM2
47589015897,in_container,H1_AM2
47588967134,in_container,H3_AM2
47580506273,in_container,H3_AM2
47569608489,,
47582962169,in_container,A2_AM2
47589105882,sorting,
47571371502,in_container,B3_AM2
47583849379,in_container,B4_AM2
47584528902,in_container,G1_AM2
47577372420,,
47583322606,sorting,
47578474553,,
47584511836,in_container,C4_AM2
47589195704,in_container,H6_AM2
47578510718,in_container,F1_AM2
47583070175,sorting,G3_AM2
47588647127,in_container,I1_AM2
47588875034,in_container,A3_AM2
47578100790,in_container,C1_AM2
47582105823,,
47583402811,in_container,C3_AM2
47584185810,,
47580805414,in_container,F1_AM2
47577750498,in_container,H2_AM2
47588978594,in_container,A6_AM2
47578229465,,
47583154932,in_container,A3_AM2
47580255263,in_container,C5_AM2
47588158521,in_container,C4_AM2
47580319905,sorting,
47579804537,in_container,H7_AM2
47580863440,in_container,D2_AM2
47566678552,in_container,C5_AM2
47580577442,in_container,D2_AM2
47588783339,in_container,C3_AM2
47588737511,in_container,
47579524852,,C4_AM2
47585413320,in_container,J3_AM2
47588829685,,
47578228674,in_container,B4_AM2
47588621668,in_container,C1_AM2
47578334293,in_container,C4_AM2
47578831202,in_container,H4_AM2
47584273864,in_container,B3_AM2
47571808029,,
47580113408,sorting,D4_AM2
47582759755,sorting,
47584844412,in_container,J1_AM2
47577449534,in_container,A5_AM2
47583287877,,J2_AM2
47577608591,in_container,J3_AM2
47589039998,in_container,I4_AM2
47588526707,in_container,H1_AM2
47582443796,sorting,B4_AM2
47578892025,sorting,F2_AM2
47580343251,in_container,D6_AM2
47572189749,,
47588254751,in_container,H2_AM2
47588300661,in_container,J1_AM2
47585595774,in_container,A5_AM2
47583009549,in_container,F1_AM2
47581922001,,
47588699049,in_container,F1_AM2
47584109268,in_container,I5_AM2
47588865955,sorting,
47560934189,,
47588734095,in_container,I4_AM2
47569409307,in_container,C6_AM2
47580675872,sorting,K2_AM2
47588460156,in_container,H3_AM2
47580728688,in_container,H5_AM2
47589168752,in_container,A5_AM2
47588639008,in_container,J1_AM2
47588901046,in_container,D6_AM2
47588395749,in_container,F1_AM2
47582291426,in_container,G2_AM2
47577640201,in_container,H6_AM2
47588650977,in_container,A3_AM2
47580439524,in_container,J3_AM2
47588205305,in_container,C5_AM2
47588971225,in_container,J2_AM2
47583315888,,
47588682530,in_container,D5_AM2
47588956483,in_container,I2_AM2
47589236264,in_container,G3_AM2
47588612746,in_container,J3_AM2
47589112134,in_container,C3_AM2
47580423833,sorting,D2_AM2
47584253609,in_container,F1_AM2
47588739645,in_container,I5_AM2
47577634258,sorting,
47588568671,in_container,D2_AM2
47580471805,in_container,D1_AM2
47588354250,in_container,D6_AM2
47588665063,in_container,J3_AM2
47579567775,sorting,
47574350115,,
47588557548,in_container,D5_AM2
47589205520,in_container,G1_AM2
47551443706,,
47589070046,,
47588998617,in_container,G3_AM2
47578586138,sorting,
47561628259,in_container,G2_AM2
47551869321,,
47549912134,,
47581009022,sorting,
47588771228,in_container,F1_AM2
47569156790,,
47585177679,,
47588920507,in_container,G5_AM2
47580550412,in_container,F2_AM2
47582732456,in_container,I4_AM2
47588849304,,H1_AM2
47588910223,in_container,H3_AM2
47588795008,,B2_AM2
47588744069,in_container,A1_AM2
47589152642,in_container,C3_AM2
47588725475,in_container,B3_AM2
47588859905,in_container,A6_AM2
47588805511,in_container,D1_AM2
47585374536,in_container,J2_AM2
47588894037,in_container,G4_AM2
47580271127,sorting,
47580696092,,
47585498276,,
47579680732,in_container,D2_AM2
47584113892,in_container,G5_AM2
47589282186,in_container,I3_AM2
47583788991,in_container,C1_AM2
47580820702,in_container,H4_AM2
47585069713,in_container,H1_AM2
47577679513,,
47580268139,sorting,
47588990973,in_container,F1_AM2
47580605970,sorting,
47579032287,sorting,
47580208355,in_container,I5_AM2
47588857976,in_container,H2_AM2
47589154816,in_container,J2_AM2
47577709952,,A5_AM2
47583293426,in_container,H7_AM2
47588632865,in_container,G2_AM2
47580782459,,I3_AM2
47584500892,in_container,C2_AM2
47588371497,in_container,I4_AM2
47580745112,in_container,B7_AM2
47580387076,sorting,F2_AM2
47577357244,in_container,F2_AM2
47577093151,,A4_AM2
47579993772,in_container,C3_AM2
47573734883,sorting,
47588623283,sorting,
47589166002,,
47580088886,sorting,
47579930363,,
47588589498,,
47582809929,in_container,A5_AM2
47583260539,in_container,D5_AM2
47583168355,in_container,D2_AM2
47589036800,in_container,B1_AM2
47588193698,in_container,G2_AM2
47577780588,,
47572101979,in_container,C1_AM2
47588655241,,
47589267076,in_container,C2_AM2
47585232580,in_container,G1_AM2
47583806879,in_container,G6_AM2
47584417793,sorting,
47588591101,in_container,F1_AM2
47588958177,in_container,D4_AM2
47577277755,in_container,D4_AM2
47588236423,in_container,J1_AM2
47580788202,in_container,G4_AM2
47583373959,missorted,
47580632925,,
47580335575,in_container,G1_AM2
47580924344,in_container,G5_AM2
47584414301,,
47583488090,in_container,F1_AM2
47588778551,in_container,I2_AM2
47579817065,in_container,J2_AM2
47585226301,in_container,F1_AM2
47588558015,,
47580769918,in_container,C2_AM2
47579247868,sorting,
47583866150,in_container,B2_AM2
47578770237,in_container,I4_AM2
47582113087,in_container,I2_AM2
47579195750,in_container,B6_AM2
47584347619,sorting,
47589024981,sorting,D4_AM2
47588926057,in_container,B1_AM2
47588425615,sorting,
47580046064,in_container,I1_AM2
47588527767,in_container,I5_AM2
47578497406,,
47578645208,in_container,A4_AM2
47580244178,,
47577817328,in_container,A1_AM2
47580140526,in_container,C3_AM2
47571760885,,
47584605467,sorting,
47582561502,sorting,
47589001142,in_container,D6_AM2
47587778829,in_container,I2_AM2
47588516510,in_container,D3_AM2
47587871291,in_container,G2_AM2
47589179648,,
47580809088,sorting,F2_AM2
47589252028,,
47579939811,in_container,A5_AM2
47585614834,in_container,G4_AM2
47588478289,in_container,J2_AM2
47588662169,in_container,J3_AM2
47588329624,sorting,
47581074898,in_container,J1_AM2
47588947060,in_container,J2_AM2
47589147360,in_container,A1_AM2
47577798466,in_container,C3_AM2
47580258537,sorting,
47588084235,in_container,B4_AM2
47589083466,,
47580583897,sorting,D2_AM2
47589130520,in_container,A3_AM2
47589002854,sorting,
47578886020,in_container,C4_AM2
47581271380,in_container,G1_AM2
47583198681,in_container,J3_AM2
47588566850,in_container,C5_AM2
47581705015,in_container,I2_AM2
47589260830,in_container,K1_AM2
47589291882,in_container,J2_AM2
47588333618,in_container,I2_AM2
47580983046,in_container,D2_AM2
47587940083,in_container,G1_AM2
47584638305,in_container,B2_AM2
47581726837,in_container,A1_AM2
47589071298,in_container,H2_AM2
47578307577,sorting,J3_AM2
47588418196,in_container,F2_AM2
47588749858,,
47588549942,in_container,D2_AM2
47589296734,,
47579294183,in_container,B6_AM2
47588445099,in_container,G5_AM2
47588718385,in_container,I3_AM2
47580460306,in_container,A6_AM2
47580816642,in_container,G1_AM2
47579322464,in_container,C7_AM2
47589145200,sorting,
47588358662,in_container,D5_AM2
47589105704,sorting,
47578106970,in_container,G2_AM2
47584552961,in_container,D6_AM2
47588625350,in_container,C4_AM2
47578078383,sorting,
47588710607,in_container,H6_AM2
47580854112,in_container,I3_AM2
47584182309,in_container,G6_AM2
47589177460,in_container,A1_AM2
47588706810,in_container,K3_AM2
47580675482,in_container,B5_AM2
47588483762,in_container,A6_AM2
47588780315,in_container,D6_AM2
47589194038,in_container,I1_AM2
47588900945,in_container,C1_AM2
47577839837,in_container,A5_AM2
47580305785,sorting,G1_AM2
47578567780,sorting,
47588292053,in_container,J3_AM2
47588634381,in_container,F1_AM2
47584547963,,
47589027680,in_container,H4_AM2
47588850723,in_container,H1_AM2
47588789879,in_container,H3_AM2
47588560918,in_container,C3_AM2
47577388555,in_container,F1_AM2
47588397161,in_container,A2_AM2
47578737744,in_container,F1_AM2
47580648053,in_container,D3_AM2
47588974218,in_container,I2_AM2
47583194892,in_container,H6_AM2
47583998706,in_container,H6_AM2
47557965217,,C2_AM2
47580127111,in_container,I4_AM2
47580009321,sorting,
47588838127,in_container,G6_AM2
47583923104,in_container,I4_AM2
47588520743,,
47588893447,,
47580596587,,
47589060998,in_container,F2_AM2
47588178691,in_container,B4_AM2
47580810540,sorting,
47587883107,in_container,H2_AM2
47580487018,in_container,H6_AM2
47580374302,in_container,G2_AM2
47584397527,in_container,A3_AM2
47580250261,sorting,G6_AM2
47588816246,in_container,A4_AM2
47589138240,sorting,
47583822055,in_container,C1_AM2
47588807839,sorting,I2_AM2
47588499647,in_container,I1_AM2
47579087130,in_container,B6_AM2
47584119036,in_container,F1_AM2
47568513655,in_container,F1_AM2
47583064999,in_container,J1_AM2
47580294792,in_container,I4_AM2
47580426617,,
47580328165,in_container,H1_AM2
47588723487,in_container,H6_AM2
47580898398,in_container,I2_AM2
47580637648,in_container,K1_AM2
47580176909,in_container,H2_AM2
47588726490,in_container,K4_AM2
47588466457,in_container,K5_AM2
47577602428,in_container,C3_AM2
47580664557,in_container,F2_AM2
47589120692,in_container,A4_AM2
47580471721,in_container,A1_AM2
47588604584,in_container,D2_AM2
47588704613,in_container,D3_AM2
47584333957,in_container,J1_AM2
47579463822,,
47575338949,sorting,
47580589085,sorting,
47588839011,in_container,D5_AM2
47588813655,in_container,A3_AM2
47588958097,in_container,J3_AM2
47585184763,in_container,C4_AM2
47589188774,in_container,F2_AM2
47579682540,in_container,B2_AM2
47579625569,in_container,B3_AM2
47588971803,in_container,B5_AM2
47581804397,,
47580520789,in_container,C5_AM2
47580445844,sorting,H2_AM2
47580273397,in_container,A1_AM2
47584289537,in_container,K5_AM2
47580655655,in_container,C3_AM2
47571329731,in_container,B3_AM2
47577164395,in_container,H5_AM2
47579147971,in_container,D5_AM2
47588347707,in_container,G4_AM2
47580600232,in_container,D5_AM2
47584178678,in_container,G4_AM2
47588229217,in_container,A6_AM2
47588320447,sorting,
47577909438,sorting,
47583093552,sorting,
47588321213,in_container,A6_AM2
47581193241,in_container,G3_AM2
47588893971,in_container,J3_AM2
47589144784,,
47581941389,in_container,D2_AM2
47580595623,in_container,D6_AM2
47579779418,in_container,B1_AM2
47580606700,sorting,
47589137122,in_container,I4_AM2
47581943585,in_container,J1_AM2
47588825217,,
47582715442,sorting,B3_AM2
47580435080,in_container,C1_AM2
47588584150,in_container,J1_AM2
47580893678,in_container,J2_AM2
47578795442,in_container,C3_AM2
47588687225,in_container,K1_AM2
47580305832,sorting,I1_AM2
47579420084,in_container,F1_AM2
47589044330,in_container,A5_AM2
47580386209,sorting,
47579218155,in_container,K3_AM2
47583021544,sorting,
47580704631,in_container,J1_AM2
47589050982,sorting,
47587686177,sorting,
47589023141,in_container,G5_AM2
47588867608,in_container,G1_AM2
47584952178,in_container,D1_AM2
47579743300,in_container,C4_AM2
47580528804,sorting,K5_AM2
47580797128,,
47589218668,in_container,F2_AM2
47580518453,,
47584255259,in_container,I6_AM2
47578056644,in_container,B4_AM2
47584055422,in_container,H2_AM2
47588630034,in_container,J2_AM2
47588838646,,
47588008500,,
47580497401,in_container,H6_AM2
47583392033,in_container,C2_AM2
47563013384,,
47588713047,in_container,G4_AM2
47584022714,,
47588088757,in_container,B7_AM2
47577663057,sorting,B4_AM2
47580496020,in_container,J2_AM2
47577809039,,
47588835194,in_container,H2_AM2
47579642758,in_container,B1_AM2
47589214244,in_container,F1_AM2
47588472837,in_container,A5_AM2
47585252714,in_container,J2_AM2
47589039135,in_container,J1_AM2
47588977045,in_container,H2_AM2
47580534520,sorting,G1_AM2
47588635679,in_container,G1_AM2
47577286017,,J1_AM2
47581150606,in_container,G3_AM2
47588251493,in_container,J3_AM2
47580002983,in_container,A4_AM2
47580142511,in_container,B2_AM2
47578578186,in_container,I6_AM2
47589117300,in_container,H3_AM2
47588245259,in_container,F1_AM2
47589191722,in_container,G2_AM2
47582313941,sorting,
47585628904,,
47580300847,in_container,J1_AM2
47577040393,,J2_AM2
47588938840,in_container,A3_AM2
47583783302,in_container,D5_AM2
47580273672,in_container,I4_AM2
47589215648,in_container,G6_AM2
47571204047,,
47582498126,in_container,B7_AM2
47578912423,in_container,F1_AM2
47589267654,in_container,F1_AM2
47588403959,sorting,
47578041408,,
47588708473,in_container,G4_AM2
47583584652,sorting,D3_AM2
47580657289,in_container,J1_AM2
47579998832,in_container,J3_AM2
47556813102,in_container,J3_AM2
47588684123,in_container,J2_AM2
47580398181,in_container,G1_AM2
47580341159,in_container,H5_AM2
47577116437,in_container,F2_AM2
47588407347,in_container,C2_AM2
47541303813,,I6_AM2
47579978291,,C6_AM2
47583448663,,
47579955527,sorting,
47580645693,in_container,J2_AM2
47580626084,in_container,H7_AM2
47583958123,in_container,I2_AM2
47578678662,in_container,K3_AM2
47584098673,in_container,K1_AM2
47580034220,in_container,B3_AM2
47583545261,in_container,B2_AM2
47587730279,in_container,H4_AM2
47580767622,in_container,H4_AM2
47588873257,in_container,F1_AM2
47570063938,,
47588810453,in_container,D3_AM2
47588503418,in_container,I1_AM2
47588728328,in_container,G4_AM2
47588733624,sorting,
47580042869,sorting,
47582216538,in_container,H2_AM2
47580592095,sorting,
47589123162,in_container,J1_AM2
47582868644,,
47588748267,in_container,I2_AM2
47582217639,sorting,
47588702985,,
47582298679,in_container,D5_AM2
47584106375,in_container,D6_AM2
47583113902,in_container,G1_AM2
47588924537,in_container,J2_AM2
47588673320,in_container,F2_AM2
47581821142,in_container,F2_AM2
47588574482,in_container,A1_AM2
47579204330,in_container,B4_AM2
47588058447,in_container,B3_AM2
47580494415,in_container,A3_AM2
47588691599,in_container,I3_AM2
47577324344,,
47588735229,in_container,I5_AM2
47582098367,in_container,C2_AM2
47580831928,in_container,H6_AM2
47588749140,in_container,G1_AM2
47579509763,in_container,C5_AM2
47577384633,in_container,A3_AM2
47588798023,in_container,J1_AM2
47577439970,in_container,I4_AM2
47581023758,in_container,H4_AM2
47588546705,in_container,H4_AM2
47588485516,in_container,B5_AM2
47588998220,in_container,I2_AM2
47580434035,sorting,
47580644660,in_container,D2_AM2
47581150352,,
47588960651,in_container,J3_AM2
47583780325,in_container,G5_AM2
47588641168,in_container,I2_AM2
47580764145,in_container,C1_AM2
47579855340,,
47580277509,sorting,F2_AM2
47588167784,in_container,H4_AM2
47579803493,in_container,A1_AM2
47585888574,in_container,K1_AM2
47588866700,sorting,
47573344218,in_container,H2_AM2
47589176988,in_container,
47588562981,in_container,F1_AM2
47584244060,in_container,D5_AM2
47584794618,in_container,G4_AM2
47580845574,,
47578813345,,
47588828024,in_container,D5_AM2
47571675251,,
47580585234,in_container,I4_AM2
47577667687,in_container,C3_AM2
47589118610,in_container,I2_AM2
47577697883,in_container,G3_AM2
47458867723,,H4_AM2
47588483843,in_container,H3_AM2
47580528559,in_container,H7_AM2
47583011955,sorting,A2_AM2
47580094723,in_container,A4_AM2
47588306776,in_container,G3_AM2
47579938601,in_container,C7_AM2
47579026637,sorting,D3_AM2
47579764023,in_container,F2_AM2
47588789763,,B3_AM2
47588641641,in_container,F2_AM2
47584008306,in_container,A2_AM2
47572250974,in_container,J3_AM2
47588141757,in_container,D2_AM2
47579423472,in_container,J3_AM2
47589032230,,
47580893388,in_container,J1_AM2
47579800357,in_container,A5_AM2
47580720137,sorting,A1_AM2
47580401413,in_container,B2_AM2
47581770494,in_container,K4_AM2
47579913846,in_container,F1_AM2
47579674865,in_container,D2_AM2
47588499799,in_container,D2_AM2
47579684699,,
47585601894,in_container,J3_AM2
47584057161,in_container,I4_AM2
47581819848,in_container,F2_AM2
47588750180,in_container,I6_AM2
47580317645,,
47583522012,,
47588880527,in_container,B5_AM2
47576410077,in_container,J2_AM2
47580382294,sorting,
47580562378,,
47580396991,in_container,I5_AM2
47579912829,in_container,J3_AM2
47580635027,in_container,G2_AM2
47587923139,in_container,D1_AM2
47578319935,sorting,
47583098555,in_container,H7_AM2
47587979327,in_container,G3_AM2
47580588887,in_container,D3_AM2
47589224586,in_container,B1_AM2
47577663182,in_container,C4_AM2
47578606204,in_container,J2_AM2
47588518321,in_container,I4_AM2
47583413695,in_container,B7_AM2
47589189922,in_container,C3_AM2
47588691772,in_container,I3_AM2
47582056455,in_container,B1_AM2
47579228226,in_container,I3_AM2
47588484756,sorting,D2_AM2
47588685366,in_container,I5_AM2
47580655675,in_container,I2_AM2
47588776877,,
47583009764,in_container,B7_AM2
47578936615,in_container,A3_AM2
47588021958,in_container,J2_AM2
47579366718,sorting,
47588476983,in_container,B2_AM2
47588842221,in_container,G1_AM2
47589218876,in_container,C1_AM2
47580591728,,
47588202621,sorting,
47580716146,in_container,A3_AM2
47577041434,in_container,J1_AM2
47578488199,in_container,G4_AM2
47588559738,in_container,F1_AM2
47571702739,in_container,B3_AM2
47580294963,sorting,
47589148374,in_container,H3_AM2
47588199777,in_container,C7_AM2
47589086330,,
47589029978,in_container,B2_AM2
47584347413,in_container,F1_AM2
47579874245,sorting,
47580411019,in_container,A2_AM2
47589152802,in_container,F1_AM2
47582058619,in_container,D4_AM2
47589163570,in_container,C2_AM2
47583399412,in_container,G3_AM2
47580057725,in_container,J3_AM2
47588977780,in_container,B7_AM2
47583865365,in_container,H1_AM2
47577815766,,A4_AM2
47584221045,in_container,F1_AM2
47583879320,in_container,F1_AM2
47578351205,in_container,J1_AM2
47578599918,in_container,J1_AM2
47584127907,in_container,H2_AM2
47588347228,in_container,I3_AM2
47588361769,in_container,D4_AM2
47588119437,,
47584464788,in_container,H3_AM2
47588380654,in_container,B4_AM2
47587836571,in_container,H5_AM2
47588655235,in_container,F1_AM2
47579972407,in_container,I1_AM2
47579786054,,
47588988696,in_container,D1_AM2
47588635175,in_container,I5_AM2
47587824455,in_container,A6_AM2
47582092105,sorting,
47583638301,in_container,C5_AM2
47588032182,in_container,I5_AM2
47580365391,in_container,I4_AM2
47589209544,in_container,B7_AM2
47577771232,in_container,A1_AM2
47589138620,in_container,B3_AM2
47588676643,in_container,I3_AM2
47588566576,in_container,I2_AM2
47583699231,in_container,C2_AM2
47583072481,in_container,J2_AM2
47588475527,in_container,J3_AM2
47588690129,in_container,G1_AM2
47589017656,sorting,
47589108470,in_container,A6_AM2
47584836256,in_container,C6_AM2
47580847390,in_container,J3_AM2
47588847471,in_container,I1_AM2
47588514328,in_container,C3_AM2
47588645919,in_container,F2_AM2
47584738589,in_container,I2_AM2
47562139247,,
47578600804,sorting,G5_AM2
47588955403,,
47583855094,sorting,
47584747028,,
47536290757,in_container,A2_AM2
47580713054,,
47583647042,,
47584669203,in_container,C3_AM2
47579099396,in_container,A2_AM2
47588661193,in_container,A2_AM2
47582681836,,
47583157095,in_container,J2_AM2
47580550325,in_container,A6_AM2
47580377009,in_container,G2_AM2
47584005478,in_container,J1_AM2
47589185974,in_container,G2_AM2
47589087266,in_container,J2_AM2
47582673916,in_container,C2_AM2
47588091737,in_container,G4_AM2
47582526517,in_container,D6_AM2
47583729653,in_container,D2_AM2
47584100733,in_container,F1_AM2
47588683945,in_container,A4_AM2
47571251787,in_container,F2_AM2
47583320967,in_container,K2_AM2
47577456502,sorting,F1_AM2
47589046869,in_container,B3_AM2
47580512524,in_container,G1_AM2
47585182263,in_container,D3_AM2
47588849450,in_container,A5_AM2
47582774413,in_container,H6_AM2
47579287633,sorting,
47588999192,in_container,C4_AM2
47588189178,in_container,D1_AM2
47580273197,in_container,I1_AM2
47579468466,in_container,H2_AM2
47589010753,in_container,I3_AM2
47588728571,in_container,I2_AM2
47583148783,sorting,G4_AM2
47589182814,in_container,B7_AM2
47580647093,in_container,H4_AM2
47588538377,in_container,K1_AM2
47580695560,,
47578499630,in_container,H5_AM2
47588991101,in_container,A2_AM2
47580671939,in_container,A5_AM2
47580219414,in_container,H7_AM2
47580527355,in_container,J3_AM2
47589034782,in_container,D6_AM2
47579714063,in_container,G5_AM2
47580452476,in_container,A3_AM2
47577868679,in_container,G6_AM2
47588914255,in_container,G6_AM2
47580325391,in_container,C7_AM2
47580335617,in_container,I6_AM2
47583674175,in_container,B6_AM2
47584345639,in_container,A2_AM2
47583300734,in_container,F1_AM2
47588374821,in_container,J1_AM2
47578123655,in_container,B1_AM2
47580763122,in_container,J1_AM2
47588278151,sorting,
47588739632,,
47588458083,in_container,D6_AM2
47588968983,in_container,J3_AM2
47589078372,in_container,G1_AM2
47588517360,in_container,G2_AM2
47580080218,,J3_AM2
47588265548,in_container,C4_AM2
47577030862,in_container,I4_AM2
47580167834,,
47588159517,sorting,
47588712032,in_container,J2_AM2
47579356111,,
47580493570,in_container,A6_AM2
47588761070,in_container,A2_AM2
47578993471,sorting,
47589127856,in_container,G4_AM2
47576104084,in_container,H6_AM2
47579245898,in_container,B6_AM2
47584338727,in_container,J3_AM2
47583890301,,
47577953738,,
47582599163,in_container,A4_AM2
47589044019,in_container,F2_AM2
47580025380,in_container,A2_AM2
47588652910,in_container,B4_AM2
47588387991,in_container,B5_AM2
47570882250,,
47578018925,in_container,B1_AM2
47580515764,in_container,H6_AM2
47579682493,in_container,J1_AM2
47580308713,in_container,D5_AM2
47580861200,in_container,C2_AM2
47588378756,in_container,J2_AM2
47588822061,,
47588677675,in_container,I4_AM2
47588131607,in_container,I4_AM2
47583983646,in_container,H4_AM2
47580097479,sorting,
47584577091,in_container,A2_AM2
47581532983,in_container,A2_AM2
47588605401,sorting,
47580529779,in_container,C4_AM2
47580419975,in_container,I1_AM2
47579737447,in_container,D1_AM2
47588909619,in_container,I1_AM2
47588908043,,
47566473948,in_container,C6_AM2
47580633903,in_container,F2_AM2
47588419549,in_container,B2_AM2
47588743233,in_container,H4_AM2
47580858752,in_container,H3_AM2
47578878511,in_container,H3_AM2
47588841461,in_container,C7_AM2
47583919956,in_container,H3_AM2
47581932009,in_container,H3_AM2
47588738939,sorting,
47580266957,sorting,I3_AM2
47589090862,in_container,J3_AM2
47589302862,in_container,J2_AM2
47583487860,in_container,H2_AM2
47580089865,in_container,J1_AM2
47580522853,,
47588342417,in_container,I3_AM2
47589228968,in_container,H2_AM2
47588945924,in_container,J1_AM2
47588670917,in_container,H7_AM2
47580552096,in_container,B7_AM2
47580527088,sorting,
47589027596,in_container,A1_AM2
47589159166,in_container,K1_AM2
47588884421,,
47580497815,in_container,C3_AM2
47580837964,in_container,A2_AM2
47583221239,,
47580074008,in_container,J3_AM2
47588870541,in_container,I1_AM2
47579087479,in_container,A3_AM2
47582213800,in_container,G4_AM2
47581016240,in_container,B1_AM2
47589017170,in_container,F1_AM2
47565907468,in_container,J3_AM2
47588841051,in_container,G3_AM2
47580535185,in_container,G6_AM2
47582126025,,K2_AM2
47588172533,in_container,I2_AM2
47579435676,in_container,D5_AM2
47580466037,sorting,
47581542268,in_container,K2_AM2
47584948287,sorting,
47589190864,in_container,B2_AM2
47589290094,in_container,B5_AM2
47588490992,in_container,G3_AM2
47589063730,in_container,C6_AM2
47588489943,in_container,G5_AM2
47588877376,in_container,C2_AM2
47588728278,in_container,A4_AM2
47584940920,in_container,A3_AM2
47588709836,in_container,D1_AM2
47582637539,sorting,
47588401809,in_container,A2_AM2
47588257973,in_container,C1_AM2
47580529538,in_container,F1_AM2
47588718675,in_container,H5_AM2
47580724420,in_container,A1_AM2
47589042967,in_container,A4_AM2
47580677877,in_container,I6_AM2
47588875095,in_container,C7_AM2
47588328454,sorting,F2_AM2
47588836783,in_container,A5_AM2
47588680783,in_container,I3_AM2
47582544709,in_container,C1_AM2
47589010454,in_container,D1_AM2
47580558049,sorting,
47589157610,in_container,J1_AM2
47580275508,,
47579986429,in_container,A1_AM2
47587966925,in_container,A2_AM2
47580742881,in_container,A2_AM2
47584847898,in_container,B4_AM2
47580850180,in_container,B4_AM2
47580746306,in_container,B5_AM2
47580741560,,
47588871897,in_container,I3_AM2
47580535774,in_container,G1_AM2
47580386319,in_container,D5_AM2
47577692089,,
47584686151,in_container,G1_AM2
47589046292,in_container,F1_AM2
47578678366,in_container,H2_AM2
47579629367,in_container,A4_AM2
47580585241,in_container,B2_AM2
47580157447,in_container,F2_AM2
47580782674,in_container,H3_AM2
47589119818,in_container,B5_AM2
47577887380,in_container,H5_AM2
47580138142,sorting,
47582685194,,
47588559966,,
47588544021,in_container,D1_AM2
47585059019,in_container,G3_AM2
47580727581,,
47569545626,in_container,I5_AM2
47588170472,in_container,G3_AM2
47578343738,in_container,B7_AM2
47589183216,,
47580558070,in_container,H1_AM2
47583998245,,
47589122934,in_container,A2_AM2
47580824388,in_container,J1_AM2
47588279148,in_container,D3_AM2
47588811595,in_container,G3_AM2
47588638144,in_container,A5_AM2
47588726131,in_container,J3_AM2
47588930917,in_container,G6_AM2
47584306106,sorting,
47588529031,,
47578237262,,
47588618750,sorting,
47588860772,sorting,
47588627657,sorting,
47580512938,,
47578737770,in_container,I1_AM2
47581507934,in_container,B1_AM2
47580003083,,
47588306237,in_container,H1_AM2
47589176160,in_container,B5_AM2
47589109480,,
47588931367,in_container,A3_AM2
47582939062,in_container,J3_AM2
47580035102,in_container,D5_AM2
47588861657,in_container,G5_AM2
47583261744,in_container,C5_AM2
47588889100,sorting,
47588253567,in_container,G6_AM2
47588822122,sorting,
47589051997,in_container,A1_AM2
47583429199,sorting,
47580023022,,A4_AM2
47584065542,in_container,C3_AM2
47580093577,sorting,
47582382499,in_container,J2_AM2
47588746129,,
47589098490,in_container,F1_AM2
47588750755,in_container,D2_AM2
47580579605,,
47584758568,in_container,J2_AM2
47588182691,in_container,F1_AM2
47587900683,in_container,G4_AM2
47583206435,sorting,
47588742897,in_container,I2_AM2
47584379058,in_container,J1_AM2
47578725003,in_container,
47589113136,,
47578821724,in_container,I5_AM2
47581018168,in_container,J1_AM2
47580602449,,H2_AM2
47588547851,sorting,A3_AM2
47584428655,in_container,I4_AM2
47579557795,in_container,A1_AM2
47580374910,in_container,K5_AM2
47583529801,in_container,C7_AM2
47582820250,sorting,
47584222513,in_container,B5_AM2
47588563056,,
47579901223,in_container,B3_AM2
47583343207,in_container,F1_AM2
47588977718,in_container,J3_AM2
47588812993,sorting,
47584663284,in_container,I1_AM2
47580622915,in_container,F1_AM2
47583456229,in_container,D1_AM2
47578997907,in_container,A5_AM2
47588901565,in_container,J3_AM2
47584526174,,
47588971834,,
47580800934,in_container,A1_AM2
47588715797,in_container,F2_AM2
47580773428,sorting,
47588599712,in_container,B2_AM2
47589298366,,
47581312374,in_container,C2_AM2
47589304294,in_container,H2_AM2
47580855035,,
47588999284,in_container,J3_AM2
47585324206,,I2_AM2
47579691877,in_container,I5_AM2
47577612495,sorting,C5_AM2
47588707721,in_container,I3_AM2
47578404277,in_container,G3_AM2
47588975921,in_container,G3_AM2
47588794667,in_container,D4_AM2
47588828115,in_container,B7_AM2
47588803059,,
47569000740,,
47588211334,,
47585512717,,
47582988729,in_container,K2_AM2
47579770791,in_container,J1_AM2
47582992892,,
47588814821,in_container,I1_AM2
47589026170,in_container,F2_AM2
47583786251,in_container,F1_AM2
47580063245,sorting,F1_AM2
47588738157,in_container,B7_AM2
47588203249,in_container,H7_AM2
47580738500,in_container,H1_AM2
47580455871,sorting,
47580368140,in_container,J3_AM2
47583708711,in_container,I1_AM2
47588885975,in_container,F2_AM2
47578216148,in_container,A2_AM2
47584621393,in_container,C4_AM2
47588681259,in_container,G5_AM2
47588502021,in_container,D4_AM2
47588040159,in_container,D5_AM2
47580131064,,
47580220802,sorting,
47588381660,in_container,D6_AM2
47587995304,in_container,D5_AM2
47580837778,,
47579703956,sorting,I2_AM2
47588602559,,
47580449947,sorting,
47584328369,,
47585317484,in_container,C3_AM2
47588945658,sorting,
47580595219,in_container,K1_AM2
47588490966,in_container,H5_AM2
47583164711,in_container,H5_AM2
47589274062,,
47584584222,,
47589189586,,
47589265546,in_container,I5_AM2
47580924079,in_container,J3_AM2
47588589660,in_container,I3_AM2
47588035980,in_container,I2_AM2
47588846604,in_container,I3_AM2
47580928420,in_container,F2_AM2
47580160627,in_container,A4_AM2
47583270613,sorting,H5_AM2
47578580790,sorting,
47579442985,in_container,J2_AM2
47580466361,in_container,G5_AM2
47580281955,in_container,D4_AM2
47588817889,in_container,A5_AM2
47588653486,sorting,
47589291570,in_container,J3_AM2
47588971343,in_container,H2_AM2
47580107766,sorting,
47583417357,in_container,J1_AM2
47588867781,in_container,D2_AM2
47585394900,in_container,B7_AM2
47580965022,in_container,K4_AM2
47577088940,in_container,B6_AM2
47588191104,in_container,H4_AM2
47580097933,in_container,H5_AM2
47580425653,in_container,D3_AM2
47580265256,,
47588949649,in_container,I3_AM2
47588981870,in_container,I3_AM2
47582414154,in_container,I1_AM2
47584911919,in_container,G2_AM2
47580756620,in_container,J3_AM2
47584338373,in_container,D6_AM2
47588947349,in_container,C5_AM2
47583385254,,
47583382751,,
47589005732,in_container,J2_AM2
47584596058,in_container,B7_AM2
47580510351,in_container,G1_AM2
47572811302,,
47577643125,in_container,F2_AM2
47588888972,in_container,J2_AM2
47580570440,,
47583916931,,
47578485099,,
47582600076,in_container,J1_AM2
47571140784,sorting,
47581190702,in_container,A5_AM2
47588741625,in_container,K1_AM2
47588505292,in_container,D2_AM2
47589231126,,
47583073888,in_container,K1_AM2
47588389707,sorting,
47578127265,sorting,
47588949349,in_container,H4_AM2
47589076116,in_container,B4_AM2
47581372647,in_container,F1_AM2
47578688918,in_container,H7_AM2
47588244072,sorting,
47589158722,in_container,I1_AM2
47580345316,,
47588891406,in_container,D2_AM2
47584725321,in_container,A4_AM2
47580568200,in_container,A1_AM2
47588077407,in_container,B3_AM2
47584820164,in_container,A2_AM2
47577672775,in_container,B3_AM2
47580121573,sorting,G5_AM2
47580678432,,
47580834427,in_container,J3_AM2
47577525941,in_container,D2_AM2
47579937337,in_container,D2_AM2
47588277428,,
47581967989,in_container,G2_AM2
47577026915,in_container,I4_AM2
47584550238,in_container,B6_AM2
47589007807,in_container,B6_AM2
47589025317,in_container,H4_AM2
47588137679,in_container,C7_AM2
47580537621,,K1_AM2
47588818306,,
47588229422,in_container,H5_AM2
47579907753,sorting,F2_AM2
47588728670,sorting,
47577021377,in_container,G5_AM2
47588989692,in_container,G4_AM2
47557786479,,
47588331143,in_container,J1_AM2
47588964730,in_container,J2_AM2
47569820031,in_container,A6_AM2
47588805447,in_container,H6_AM2
47588400805,in_container,B1_AM2
47584963251,,
47584611880,in_container,D4_AM2
47588526042,in_container,C5_AM2
47582842583,sorting,I4_AM2
47585293553,in_container,H1_AM2
47571876495,in_container,F1_AM2
47551928916,,G5_AM2
47582473449,sorting,
47588989840,in_container,J2_AM2
47571151815,,
47584095377,in_container,H6_AM2
47583529164,sorting,
47584945176,in_container,A5_AM2
47589203088,in_container,I4_AM2
47584867826,in_container,G5_AM2
47583306119,in_container,B1_AM2
47580665071,in_container,G4_AM2
47580459789,in_container,I5_AM2
47567376045,,
47580737297,in_container,C2_AM2
47588332539,sorting,
47584647430,sorting,
47580378600,sorting,A4_AM2
47588956027,in_container,A1_AM2
47588812120,in_container,A1_AM2
47580497783,in_container,C7_AM2
47579070226,in_container,I6_AM2
47582731832,in_container,H2_AM2
47588506832,sorting,
47588861590,in_container,A6_AM2
47589157424,in_container,J3_AM2
47588905007,in_container,G1_AM2
47588431717,in_container,I1_AM2
47569784158,in_container,C2_AM2
47588738156,in_container,A1_AM2
47584552268,sorting,
47570783230,,
47577959243,sorting,
47577630462,in_container,F1_AM2
47580018202,,
47584688709,in_container,J1_AM2
47582234029,in_container,D1_AM2
47567847616,sorting,D5_AM2
47577421905,sorting,
47588668491,in_container,F1_AM2
47579492531,in_container,H7_AM2
47584303157,sorting,
47571891547,in_container,H7_AM2
47578266094,in_container,G3_AM2
47580472752,in_container,H1_AM2
47580350932,,
47571507224,in_container,H4_AM2
47585545390,,K3_AM2
47583283089,in_container,C7_AM2
47588631818,in_container,B3_AM2
47579063820,sorting,F1_AM2
47580560531,in_container,F1_AM2
47580203003,sorting,B3_AM2
47580503649,in_container,F1_AM2
47579770459,,
47583996026,in_container,I5_AM2
47589261154,sorting,
47584307789,sorting,G1_AM2
47584763980,in_container,J3_AM2
47579770175,in_container,G2_AM2
47588967844,in_container,D5_AM2
47588779720,sorting,
47580428832,sorting,
47577236999,sorting,
47588078509,sorting,
47588439213,in_container,C1_AM2
47580681812,in_container,I3_AM2
47588884748,in_container,G6_AM2
47580291383,sorting,G6_AM2
47589207594,in_container,H3_AM2
47588677823,sorting,
47589024767,,
47580641822,in_container,H4_AM2
47588945654,,
47577322093,in_container,F1_AM2
47588526017,sorting,
47587886663,in_container,B3_AM2
47583893796,in_container,C2_AM2
47588450003,in_container,G3_AM2
47583446415,in_container,D5_AM2
47580633867,in_container,D1_AM2
47580264663,in_container,A6_AM2
47588585565,in_container,J3_AM2
47570772884,,
47579017816,sorting,
47580106454,in_container,H5_AM2
47588508849,in_container,B1_AM2
47577513406,in_container,J2_AM2
47580583710,in_container,I2_AM2
47572561371,in_container,H5_AM2
47589057242,in_container,B5_AM2
47588998117,,
47580648735,in_container,I1_AM2
47582527195,in_container,K2_AM2
47587934036,in_container,K2_AM2
47588545778,in_container,G6_AM2
47578052080,,
47580646274,in_container,K5_AM2
47588821716,in_container,C6_AM2
47588279571,sorting,
47585682480,,K2_AM2
47589204594,in_container,A1_AM2
47588449423,in_container,H2_AM2
47588936238,,
47580623449,sorting,
47589032264,in_container,I1_AM2
47588845806,sorting,
47578717091,in_container,C2_AM2
47583276201,in_container,D1_AM2
47580108593,sorting,
47581806877,,
47579974369,in_container,G1_AM2
47588847518,in_container,D1_AM2
47588707415,in_container,J3_AM2
47584144959,in_container,A4_AM2
47580446336,in_container,A4_AM2
47579090232,in_container,A1_AM2
47586455116,in_container,K6_AM2
47580727555,in_container,F1_AM2
47580798187,sorting,
47577162391,in_container,C2_AM2
47588686186,in_container,J1_AM2
47589240456,sorting,
47583165839,,
47588897221,sorting,
47589117872,in_container,J3_AM2
47588698590,in_container,D4_AM2
47580299789,in_container,J1_AM2
47588804751,in_container,D4_AM2
47584010376,in_container,I3_AM2
47588937982,in_container,A3_AM2
47588623225,in_container,B7_AM2
47576580193,in_container,C6_AM2
47580083826,in_container,H4_AM2
47580603837,,
47588791346,,
47589081022,,K1_AM2
47580069697,in_container,C3_AM2
47588284782,in_container,A2_AM2
47588451599,in_container,B1_AM2
47579909493,,
47583902580,,
47577011603,,
47588221387,,
47580673796,,
47588706065,in_container,H2_AM2
47583338285,in_container,A5_AM2
47579695432,sorting,
47585116625,in_container,H2_AM2
47588922764,in_container,I3_AM2
47571547289,in_container,D4_AM2
47579814217,in_container,J2_AM2
47588108059,sorting,
47589164996,,G6_AM2
47577664425,in_container,C6_AM2
47588747838,in_container,A4_AM2
47588567734,in_container,C3_AM2
47579273444,in_container,I6_AM2
47580933768,in_container,C3_AM2
47588119837,in_container,B3_AM2
47588618813,in_container,F1_AM2
47588400289,in_container,F2_AM2
47588975134,in_container,A3_AM2
47581317804,in_container,D2_AM2
47577027621,,
47588157488,in_container,J3_AM2
47578391283,in_container,D6_AM2
47588638934,in_container,J2_AM2
47584702558,in_container,I3_AM2
47580528130,in_container,J3_AM2
47588640937,,
47588704915,in_container,J1_AM2
47579485327,sorting,
47579703628,in_container,D3_AM2
47581087672,sorting,
47576836585,in_container,I4_AM2
47579792864,in_container,K4_AM2
47588977557,in_container,I4_AM2
47588899135,,
47581793566,,
47588874092,in_container,J1_AM2
47580626633,in_container,J2_AM2
47588837775,in_container,I6_AM2
47589226572,,
47584177009,in_container,C2_AM2
47588765831,in_container,C5_AM2
47583829249,in_container,B2_AM2
47579951646,sorting,A4_AM2
47579331818,in_container,F2_AM2
47580444034,in_container,B6_AM2
47578522712,in_container,F1_AM2
47587905630,in_container,D5_AM2
47588600558,sorting,
47580554506,in_container,I2_AM2
47588731165,in_container,I5_AM2
47580394890,sorting,
47578553980,,G3_AM2
47588581412,in_container,G5_AM2
47561967272,,
47588769871,in_container,I2_AM2
47588692082,sorting,
47588483186,in_container,G5_AM2
47588939103,sorting,
47588828548,in_container,K1_AM2
47579583436,sorting,
47588801475,,
47580018471,,
47589005199,,
47588926035,in_container,A5_AM2
47588690419,,
47588862886,in_container,F1_AM2
47588820449,in_container,D4_AM2
47588887855,sorting,
47588721925,,B2_AM2
47589292620,in_container,F2_AM2
47580696344,in_container,A2_AM2
47583139935,,
47584199188,,
47588797486,in_container,D3_AM2
47579881801,,
47579647285,,
47568303070,,
47588293272,,
47578136041,,J3_AM2
47588423297,in_container,H2_AM2
47585261533,,
47588956391,in_container,B1_AM2
47580672915,in_container,G4_AM2
47577467117,,D5_AM2
47588860705,in_container,A5_AM2
47579123820,in_container,D4_AM2
47579631123,in_container,J1_AM2
47588840621,,
47588594276,in_container,I2_AM2
47581650351,in_container,G3_AM2
47588075596,,
47589033532,in_container,D6_AM2
47580550375,in_container,I3_AM2
47580426205,in_container,B1_AM2
47579115826,sorting,
47588888167,in_container,I4_AM2
47588343265,in_container,H1_AM2
47582103761,sorting,
47588872650,in_container,F1_AM2
47580396570,sorting,D4_AM2
47580549540,sorting,
47580486772,in_container,H6_AM2
47578463936,in_container,C5_AM2
47587732789,in_container,D6_AM2
47580477505,in_container,G3_AM2
47584704847,in_container,J2_AM2
47580776348,in_container,A6_AM2
47579995969,in_container,F1_AM2
47582879733,sorting,
47580833924,in_container,A1_AM2
47571908497,in_container,F1_AM2
47588932023,,
47589197318,in_container,I5_AM2
47584414628,in_container,D1_AM2
47577313951,,
47584294287,in_container,K6_AM2
47584753392,in_container,J3_AM2
47584209428,in_container,I2_AM2
47580669623,sorting,
47582180334,in_container,I4_AM2
47584954622,in_container,J1_AM2
47589213834,in_container,A4_AM2
47579352174,sorting,
47588860123,in_container,B6_AM2
47588323579,in_container,F1_AM2
47584695952,in_container,J3_AM2
47580480373,in_container,B7_AM2
47579331086,,F2_AM2
47583840773,in_container,C3_AM2
47580534872,,
47580305790,in_container,A2_AM2
47579589001,,
47585577060,,H5_AM2
47589125366,sorting,
47584860718,in_container,I1_AM2
47584912124,in_container,I1_AM2
47580857704,,
47588782651,sorting,
47580839378,sorting,
47588885839,,
47589042933,in_container,J3_AM2
47588739493,in_container,
47581049030,in_container,J3_AM2
47578665517,in_container,H2_AM2
47580123925,in_container,J1_AM2
47580674743,in_container,D3_AM2
47584082382,in_container,D6_AM2
47588842729,in_container,D4_AM2
47584521838,in_container,H7_AM2
47574593149,in_container,C6_AM2
47589163480,,
47577925785,in_container,C7_AM2
47588840825,in_container,B5_AM2
47588269029,in_container,B4_AM2
47588386201,sorting,
47588269506,in_container,G5_AM2
47584445611,in_container,J1_AM2
47589258960,in_container,D5_AM2
47589037150,sorting,
47588675872,,
47580740688,in_container,H4_AM2
47580959488,,
47582768924,sorting,
47588370433,in_container,B3_AM2
47583281465,in_container,F1_AM2
47580341607,in_container,G4_AM2
47588968530,in_container,I1_AM2
47585154464,sorting,
47588543900,sorting,
47588275729,in_container,D6_AM2
47578818816,in_container,H5_AM2
47588850381,in_container,D6_AM2
47588002805,sorting,I5_AM2
47588494624,in_container,F1_AM2
47589219188,in_container,B2_AM2
47588853555,in_container,D6_AM2
47585270667,,
47575222771,,
47578696138,in_container,H4_AM2
47587786611,in_container,D5_AM2
47578844005,in_container,K6_AM2
47580602395,in_container,H5_AM2
47579477529,,
47582362579,sorting,G4_AM2
47579482485,in_container,A5_AM2
47588937249,in_container,K3_AM2
47585279625,,
47580518639,,
47579411147,,
47583911922,in_container,B2_AM2
47582855233,in_container,B2_AM2
47578460986,,
47578672306,in_container,K2_AM2
47588795737,,C4_AM2
47571355461,in_container,C2_AM2
47580655405,in_container,D4_AM2
47579018505,in_container,F1_AM2
47584087078,sorting,
47578426735,,
47588691307,,
47588641153,in_container,A1_AM2
47583333663,in_container,B5_AM2
47588806641,in_container,B3_AM2
47580810098,in_container,F1_AM2
47579594370,in_container,G3_AM2
47579482488,,
47580325494,in_container,H7_AM2
47580964072,,
47588505899,sorting,
47588597044,in_container,G1_AM2
47588818509,in_container,H2_AM2
47577490117,in_container,J3_AM2
47578201391,in_container,G2_AM2
47588556065,in_container,A3_AM2
47579767148,in_container,D1_AM2
47588940604,in_container,B6_AM2
47588890712,in_container,I6_AM2
47588296634,in_container,C7_AM2
47584225578,in_container,B3_AM2
47579270921,in_container,B5_AM2
47583002398,in_container,F1_AM2
47585254378,sorting,
47571569840,,
47588258850,in_container,J1_AM2
47577646965,in_container,C4_AM2
47580349925,in_container,C4_AM2
47577018615,in_container,I3_AM2
47584245347,in_container,G1_AM2
47582035098,in_container,D2_AM2
47588917406,in_container,D6_AM2
47578566135,in_container,D5_AM2
47552290036,in_container,J1_AM2
47580171965,in_container,A5_AM2
47588914867,in_container,G6_AM2
47588278751,,
47579051245,in_container,B2_AM2
47581034488,in_container,B3_AM2
47589226514,in_container,G5_AM2
47588505931,in_container,I5_AM2
47588848717,sorting,
47579148284,,
47583706463,in_container,J2_AM2
47588668325,in_container,D6_AM2
47588937937,in_container,J3_AM2
47588971485,in_container,C6_AM2
47580646132,,
47580988580,in_container,J2_AM2
47589025349,,
47578445317,sorting,D1_AM2
47588355323,in_container,C1_AM2
47589269736,in_container,G2_AM2
47588437943,in_container,D6_AM2
47578929695,sorting,
47580775586,in_container,J2_AM2
47580688275,in_container,H7_AM2
47583343352,in_container,G5_AM2
47580389516,,
47584583063,in_container,G4_AM2
47579065594,in_container,C3_AM2
47583499240,in_container,G3_AM2
47589193232,in_container,F1_AM2
47580447088,in_container,A5_AM2
47589133222,in_container,G1_AM2
47580464738,in_container,B5_AM2
47588803563,in_container,I6_AM2
47580677237,in_container,B2_AM2
47580548213,,F1_AM2
47588733438,sorting,
47584293160,sorting,
47580891720,sorting,
47589229056,sorting,
47588227802,in_container,D1_AM2
47589144968,in_container,J2_AM2
47580221231,in_container,J2_AM2
47578771558,in_container,K4_AM2
47580189065,,
47579466559,in_container,H5_AM2
47588237475,in_container,D3_AM2
47584781117,in_container,D4_AM2
47580080164,sorting,
47582179742,,
47588855962,in_container,D2_AM2
47583424729,in_container,J1_AM2
47532890521,,
47588381301,in_container,G1_AM2
47588363839,in_container,D4_AM2
47587828151,in_container,I2_AM2
47589084032,in_container,H6_AM2
47589108212,in_container,D4_AM2
47589116158,in_container,C2_AM2
9fed56b9_5fbb_3321_a311_3a7d9d30caaa,,
47588097554,in_container,F2_AM2
47580806988,sorting,I6_AM2
47588653434,in_container,H3_AM2
47577863507,in_container,B3_AM2
47565528323,,
47584439377,sorting,F1_AM2
47583706738,,
47554384384,,
47589177078,in_container,G1_AM2
47580630605,in_container,G4_AM2
47589193492,in_container,J3_AM2
47579385605,sorting,A3_AM2
47582538519,sorting,I1_AM2
47580766684,sorting,
47588682465,in_container,A6_AM2
47589251354,sorting,
47580933142,in_container,D3_AM2
47579188247,sorting,D4_AM2
47577641282,in_container,G4_AM2
47577154077,sorting,A3_AM2
47588999933,in_container,F2_AM2
47588682518,in_container,B6_AM2
47583318469,,
47587789007,in_container,A1_AM2
47589115538,in_container,B5_AM2
47583105157,in_container,B4_AM2
47588566538,,
47588910019,in_container,A5_AM2
47580168545,,
47580709548,in_container,J2_AM2
47588905021,in_container,I3_AM2
47579977120,in_container,A6_AM2
47579593365,in_container,G5_AM2
47588832633,in_container,I3_AM2
47583860597,sorting,
47588848377,in_container,H2_AM2
47576651690,,
47580837460,in_container,J2_AM2
47580377578,in_container,C6_AM2
47588688867,,
47588838041,in_container,C5_AM2
47588613405,,
47580335605,in_container,J2_AM2
47588899623,in_container,H1_AM2
47580877548,in_container,C1_AM2
47579326874,in_container,I5_AM2
47588221739,,
47589165616,in_container,C6_AM2
47589097178,in_container,G1_AM2
47580538147,in_container,H7_AM2
47589135586,sorting,
47588883708,in_container,D6_AM2
47583095044,in_container,B2_AM2
47580791000,in_container,B6_AM2
47589147994,,
47588606860,in_container,C1_AM2
47588604691,in_container,F1_AM2
47588948281,in_container,J3_AM2
47580128576,in_container,H2_AM2
47557664760,,J1_AM2
47588891412,in_container,B1_AM2
47580830728,in_container,D6_AM2
47584556831,in_container,H4_AM2
47588931239,in_container,F2_AM2
47575367935,sorting,
47580759199,in_container,B2_AM2
47589197326,in_container,I6_AM2
47583470467,sorting,
47578411330,in_container,I6_AM2
47580842862,,A6_AM2
47578569017,in_container,J1_AM2
47577412298,in_container,H6_AM2
47584100058,in_container,F1_AM2
47588507995,in_container,C4_AM2
47579997358,in_container,C6_AM2
47579644215,in_container,B6_AM2
47589049626,in_container,C3_AM2
47579403238,in_container,K4_AM2
47588121415,in_container,C4_AM2
47589031798,sorting,
47589063136,,
47580866568,sorting,G5_AM2
47580751102,in_container,C1_AM2
47582647023,sorting,C5_AM2
47579655174,in_container,J3_AM2
47588433912,in_container,I3_AM2
47587862943,sorting,D2_AM2
47579257222,in_container,I3_AM2
47580602141,in_container,D5_AM2
47579630887,sorting,J1_AM2
47580443114,in_container,I4_AM2
47588974677,in_container,C6_AM2
47578273996,sorting,
47577963884,in_container,H3_AM2
47588568165,in_container,H3_AM2
47579289225,in_container,I6_AM2
47577784346,sorting,C3_AM2
47579768453,in_container,A1_AM2
47588443112,in_container,A1_AM2
47578635612,in_container,A2_AM2
47579331940,in_container,H7_AM2
47588949636,in_container,G4_AM2
47588681430,in_container,H6_AM2
47588572415,in_container,J1_AM2
47565905130,sorting,
47580515314,in_container,A6_AM2
47579031203,in_container,J3_AM2
47583281207,in_container,C4_AM2
47579625454,in_container,D6_AM2
47566169406,in_container,D1_AM2
47588584955,in_container,G6_AM2
47581127842,in_container,I3_AM2
47588346849,in_container,A2_AM2
47580987407,in_container,A5_AM2
47588707964,in_container,G1_AM2
47580604366,in_container,C5_AM2
47580446631,in_container,A6_AM2
47583874266,in_container,B5_AM2
47584224913,in_container,A1_AM2
47580181791,in_container,C4_AM2
47580199751,in_container,G3_AM2
47588736000,in_container,I2_AM2
47578828965,in_container,I4_AM2
47572231467,,
47584809453,in_container,K3_AM2
47588545279,in_container,C3_AM2
47580756778,in_container,A1_AM2
47589005348,in_container,A1_AM2
47570116837,in_container,H1_AM2
47578673987,in_container,F1_AM2
47579787053,sorting,
47588358283,in_container,J1_AM2
47589044920,in_container,D1_AM2
47568260747,sorting,
47589271850,sorting,G6_AM2
47578010805,in_container,B2_AM2
47578687816,in_container,A1_AM2
47588315973,in_container,C7_AM2
47589133552,in_container,H3_AM2
47588838142,in_container,K2_AM2
47589080110,in_container,C3_AM2
47588530939,in_container,B5_AM2
47589016123,in_container,D3_AM2
47579572363,in_container,D2_AM2
47588394071,in_container,J3_AM2
47584861965,,
47588461479,sorting,
47583851151,sorting,
47579379140,in_container,J3_AM2
47578822046,in_container,I5_AM2
47580254800,in_container,I4_AM2
47580366429,in_container,I4_AM2
47583927241,in_container,A4_AM2
47579046865,sorting,F2_AM2
47580605891,in_container,A4_AM2
47588728252,in_container,F2_AM2
47579425453,in_container,J1_AM2
47584204075,in_container,C1_AM2
47580682251,,
47588951892,in_container,G2_AM2
47588992493,,
47588951541,in_container,J3_AM2
47588997434,,
47589048345,in_container,H2_AM2
47589172992,in_container,F1_AM2
47580753670,in_container,B1_AM2
47588645483,in_container,D5_AM2
47588504508,in_container,C1_AM2
47580015935,,
47577703091,in_container,C6_AM2
47589274250,in_container,C6_AM2
47583730326,sorting,
47580651871,in_container,I6_AM2
47580189137,sorting,A2_AM2
47584021239,sorting,
47579960873,in_container,F1_AM2
47582108352,in_container,J1_AM2
47589161914,sorting,
47584845964,in_container,C6_AM2
47584738288,in_container,I5_AM2
47583604121,in_container,H4_AM2
47588859262,in_container,C1_AM2
47588991980,,
47580177252,in_container,C1_AM2
47576895128,sorting,
47577546111,,
47588627469,sorting,
47580518457,in_container,A1_AM2
47580137761,sorting,J2_AM2
47589024837,,
47579371217,in_container,B1_AM2
47580542314,sorting,
47588988928,in_container,D2_AM2
47570631705,in_container,J3_AM2
47589029886,in_container,G2_AM2
47581532985,missorted,
47588894042,in_container,J2_AM2
47583466104,in_container,I4_AM2
47577548324,in_container,C6_AM2
47588872881,in_container,A1_AM2
47588597833,sorting,
47588994960,in_container,C7_AM2
47580376929,,
47588949843,in_container,F2_AM2
47589299508,in_container,A2_AM2
47583326238,,
47579787077,in_container,I3_AM2
47577885281,,
47585035084,in_container,G2_AM2
47588648015,in_container,C4_AM2
47578220166,sorting,
47579769210,in_container,H2_AM2
47579312910,,D3_AM2
47580146986,in_container,I2_AM2
47583387781,in_container,C2_AM2
47584803589,,
47588564285,,
47581493127,in_container,D1_AM2
47579587185,,
47583149954,in_container,A5_AM2
47572101051,in_container,D2_AM2
47588595399,in_container,I3_AM2
47584441110,in_container,I4_AM2
47588791084,in_container,C3_AM2
47584281270,in_container,K5_AM2
47588591838,in_container,H6_AM2
47576919025,in_container,H2_AM2
47583989703,sorting,
47579454513,in_container,G1_AM2
47588744698,in_container,G4_AM2
47588555451,,
47588893715,sorting,
47585398318,,
47578801650,sorting,
47580188651,,
47588640271,,
47580299477,in_container,C1_AM2
47588966252,in_container,J1_AM2
47588989796,in_container,G1_AM2
47589022736,in_container,G2_AM2
47578989293,,
47584238801,in_container,J2_AM2
47589279756,in_container,G6_AM2
47581851240,in_container,G1_AM2
47589053616,in_container,C4_AM2
47582363776,in_container,I2_AM2
47588358007,in_container,F2_AM2
47580318632,in_container,F1_AM2
47583489099,sorting,
47588966705,in_container,D6_AM2
47578133614,in_container,J1_AM2
47584423266,in_container,B5_AM2
47579964003,in_container,B4_AM2
47583852095,in_container,F1_AM2
47583477764,in_container,C4_AM2
47589200372,in_container,C1_AM2
47588949571,in_container,G2_AM2
47588833250,in_container,G2_AM2
47580648361,in_container,I1_AM2
47578787628,in_container,D6_AM2
47582349147,sorting,
47577699493,sorting,
47579250559,sorting,
47589090474,in_container,A4_AM2
47585331870,,
47588980109,in_container,C1_AM2
47588199759,,C7_AM2
47579364448,sorting,H4_AM2
47584182653,missorted,
47582428245,missorted,
47561162277,,C1_AM2
47589040344,in_container,D2_AM2
47587730613,in_container,H2_AM2
47581086214,sorting,
47578613937,sorting,D1_AM2
47584074225,sorting,
47571267095,sorting,
47588759757,in_container,A4_AM2
47578541262,in_container,A1_AM2
47580178560,in_container,H5_AM2
47587880737,in_container,B5_AM2
47569759708,,
47588491220,in_container,D5_AM2
47588729727,sorting,
47588586931,,
47588833767,in_container,G3_AM2
47588911408,in_container,D2_AM2
47577243917,in_container,D5_AM2
47588294232,sorting,
47583917625,in_container,H6_AM2
47584129178,in_container,A1_AM2
47589002812,,
47588864349,in_container,J1_AM2
47589172914,in_container,H7_AM2
47589031127,in_container,H2_AM2
47588153070,,
47589063102,in_container,G5_AM2
47588894612,in_container,G4_AM2
47580005207,in_container,H7_AM2
47588910595,in_container,I4_AM2
47578804760,in_container,C6_AM2
47588704557,in_container,H4_AM2
47589179854,sorting,
47571675904,,
47588542402,in_container,G3_AM2
47580401831,in_container,J3_AM2
47588977828,,
47580411061,in_container,C1_AM2
47584674814,,
47580694375,in_container,A6_AM2
47588928597,,
47576044787,in_container,G5_AM2
47580228086,in_container,G6_AM2
47580828083,in_container,B7_AM2
47588520132,in_container,I4_AM2
47580646343,in_container,H4_AM2
47580172380,in_container,B6_AM2
47588795390,sorting,
47584919820,sorting,D3_AM2
47589010435,in_container,G6_AM2
47588393128,in_container,C2_AM2
47589115546,in_container,J1_AM2
47583426113,in_container,B2_AM2
47577948631,in_container,C7_AM2
47580889386,in_container,B3_AM2
47578949861,in_container,D3_AM2
47580371353,in_container,C2_AM2
47589067336,sorting,
47588337913,,
47589224694,in_container,I1_AM2
47580513882,in_container,F1_AM2
47588577488,in_container,D3_AM2
47581951909,in_container,J2_AM2
47588357768,in_container,D3_AM2
47588170489,in_container,G5_AM2
47580831058,sorting,
47588942053,in_container,A1_AM2
47580561599,,
47580495108,in_container,B5_AM2
47580675490,,
47583194561,in_container,C1_AM2
47588771099,in_container,I3_AM2
47589063824,in_container,J1_AM2
47583575285,in_container,C4_AM2
47589110690,in_container,G5_AM2
47580287629,in_container,I1_AM2
47588867405,,
47583816058,,
47579635225,in_container,H2_AM2
47580447376,in_container,H4_AM2
47581776667,in_container,A4_AM2
47588815398,in_container,K1_AM2
47582667023,,
47577084623,in_container,F1_AM2
47589258228,in_container,F1_AM2
47588837919,in_container,J3_AM2
47579737443,in_container,D2_AM2
47581344696,in_container,F1_AM2
47580978478,in_container,D4_AM2
47588885002,sorting,
47588394377,in_container,I3_AM2
47580584085,in_container,F1_AM2
47580907112,in_container,G4_AM2
47580292447,sorting,
47580969866,in_container,G5_AM2
47579183802,in_container,H6_AM2
47577634108,sorting,H2_AM2
47579843329,in_container,I5_AM2
47580590666,in_container,B7_AM2
47580590648,in_container,B7_AM2
47589257354,in_container,A4_AM2
47589157076,in_container,B2_AM2
47579791201,in_container,H1_AM2
47588745687,sorting,
47589025176,sorting,
47588430315,sorting,
47589275760,in_container,D4_AM2
47589022830,in_container,D2_AM2
47588584229,in_container,J1_AM2
47580607809,in_container,C2_AM2
47588850250,in_container,A3_AM2
47583473571,in_container,C4_AM2
47577271287,in_container,J2_AM2
47584259926,in_container,B2_AM2
47580679764,,
47588814385,in_container,F2_AM2
47588667037,in_container,C3_AM2
47583275742,in_container,J3_AM2
47577538780,sorting,
47580331338,in_container,C2_AM2
47588011369,in_container,D4_AM2
47580840164,in_container,D5_AM2
47588143711,in_container,J3_AM2
47583885969,in_container,D2_AM2
47588777878,in_container,C7_AM2
47584136443,in_container,F2_AM2
47579091552,sorting,A2_AM2
47588456993,in_container,F1_AM2
47589064342,in_container,C1_AM2
47588870711,in_container,I3_AM2
47580351262,in_container,G3_AM2
47588850919,in_container,D5_AM2
47578468357,in_container,I2_AM2
47578109807,in_container,G2_AM2
47579060176,,
47584705720,sorting,
47588051478,,
47584249481,in_container,I6_AM2
47589051024,in_container,H5_AM2
47578717222,in_container,B3_AM2
47580464665,in_container,J3_AM2
47578676959,in_container,G3_AM2
47588842727,in_container,G2_AM2
47576817384,in_container,B1_AM2
47583367992,sorting,
47584816882,,
47562875006,,A5_AM2
47585171478,in_container,G3_AM2
47579613918,sorting,
47579365019,in_container,A5_AM2
47588204349,in_container,H2_AM2
47579089619,in_container,A3_AM2
47585219694,,J2_AM2
47588450159,,
47588853489,,
47588963104,in_container,B2_AM2
47558795107,,
47588914739,in_container,B4_AM2
47588835822,in_container,F1_AM2
47580598435,in_container,G5_AM2
47585379280,sorting,J2_AM2
47580941054,in_container,H6_AM2
47579362183,in_container,F1_AM2
47578927733,in_container,D3_AM2
47588923349,,
47589199978,sorting,
47588712453,in_container,B2_AM2
47588888459,in_container,A4_AM2
47588970322,,
47588955438,in_container,F1_AM2
47584158070,sorting,D5_AM2
47588837915,in_container,C2_AM2
47584566391,in_container,D4_AM2
47584531184,,
47588875124,in_container,I1_AM2
47588945514,in_container,A5_AM2
47580786226,sorting,
47589209914,in_container,J3_AM2
47588706302,in_container,B1_AM2
47588698077,sorting,
47588977717,sorting,
47584176320,in_container,I3_AM2
47579615817,in_container,J2_AM2
47579333471,in_container,C4_AM2
47588798907,in_container,I4_AM2
47589220808,sorting,
47580549870,sorting,
47589162092,in_container,C2_AM2
47588754459,in_container,B2_AM2
47578604488,in_container,C7_AM2
47579158914,in_container,H3_AM2
47589008108,in_container,A6_AM2
47577900354,in_container,D4_AM2
47583886592,,
47570363093,,
47588521411,sorting,
47589078878,in_container,F2_AM2
47589247272,in_container,H1_AM2
47588590767,sorting,
47579421773,,
47578376070,in_container,C2_AM2
47588875229,in_container,D4_AM2
47588956665,in_container,B3_AM2
47588924041,in_container,G5_AM2
47580716138,in_container,D5_AM2
47588656627,in_container,J2_AM2
47584080172,sorting,
47580228357,in_container,H1_AM2
47589141926,in_container,K1_AM2
47578330159,in_container,F1_AM2
47588411021,in_container,H6_AM2
47581075560,in_container,J2_AM2
47580814832,,F1_AM2
47580828806,sorting,G4_AM2
47578078353,in_container,G2_AM2
47583332428,in_container,J2_AM2
47587711415,in_container,G2_AM2
47588526981,in_container,I2_AM2
47588406042,sorting,
47577819031,in_container,H2_AM2
47580025673,sorting,I4_AM2
47588678918,,
47584218258,in_container,F2_AM2
47578055360,,
47578950343,in_container,F2_AM2
47582844225,in_container,I5_AM2
47580582389,in_container,B1_AM2
47589119360,in_container,F1_AM2
47588752611,,
47589184202,,
47583239334,in_container,H6_AM2
47571209843,sorting,D3_AM2
47580373543,sorting,
47585258083,,
47588377639,in_container,B7_AM2
47585006311,in_container,H5_AM2
47588901539,in_container,F1_AM2
47568377329,in_container,J3_AM2
47580720655,in_container,J1_AM2
47580169814,in_container,J2_AM2
47588163481,in_container,J3_AM2
47575093065,in_container,D6_AM2
47588660928,in_container,G3_AM2
47579746854,in_container,J2_AM2
47584200561,in_container,J3_AM2
47588940495,in_container,C1_AM2
47580233045,in_container,G6_AM2
47589067814,in_container,K2_AM2
47588924121,in_container,G3_AM2
47588334247,in_container,G5_AM2
47583854819,,
47561851189,,
47579321847,in_container,C2_AM2
47582451667,in_container,H5_AM2
47588303045,,
47580109713,in_container,H1_AM2
47588924685,in_container,H2_AM2
47580813794,in_container,F1_AM2
47578195719,in_container,G5_AM2
47584407437,in_container,B6_AM2
47588837789,in_container,A6_AM2
47580606871,sorting,
47588380415,in_container,I3_AM2
47588769228,in_container,G2_AM2
47589175868,in_container,C5_AM2
47580009697,in_container,I5_AM2
47588881429,sorting,
47583819752,in_container,D3_AM2
47580378331,sorting,D4_AM2
47588675353,in_container,D1_AM2
47588658271,in_container,D5_AM2
47588260065,,
47577782522,,
47577436794,in_container,K2_AM2
47577436874,sorting,K2_AM2
47589175430,in_container,J2_AM2
47579909079,in_container,J1_AM2
47578964770,in_container,G4_AM2
47581953743,in_container,D4_AM2
47580427346,in_container,J2_AM2
47578573497,,I5_AM2
47580343601,,
47588992123,in_container,G6_AM2
47588828385,in_container,C6_AM2
47584958599,sorting,
47571668756,in_container,H1_AM2
47584530262,sorting,
47579827924,,
47584592786,in_container,B4_AM2
47588951081,sorting,
47579953780,sorting,
47589096170,in_container,J1_AM2
47579070023,in_container,I3_AM2
47588732669,in_container,J1_AM2
47588553777,,
47579188753,in_container,H2_AM2
47588951921,in_container,H2_AM2
47589116912,,
47577288661,in_container,C1_AM2
47588849727,sorting,
47584653311,in_container,I4_AM2
47588952952,in_container,G6_AM2
47584275823,in_container,B7_AM2
47588551283,in_container,H1_AM2
47583296764,in_container,A2_AM2
47575531575,in_container,F1_AM2
47570567501,in_container,H7_AM2
47589215748,in_container,J1_AM2
47577729868,in_container,A3_AM2
47588439100,in_container,G1_AM2
47588974977,in_container,J2_AM2
47580452573,sorting,
47580311558,in_container,A3_AM2
47589140742,in_container,C5_AM2
47579596460,in_container,G6_AM2
47588275154,in_container,C6_AM2
47588231564,in_container,I4_AM2
47584860478,in_container,J1_AM2
47580512392,,
47580690636,in_container,J3_AM2
47588996625,in_container,G1_AM2
47584313199,in_container,J3_AM2
47588759419,in_container,D1_AM2
47580451627,sorting,K2_AM2
47583726539,in_container,F1_AM2
47583819095,in_container,F1_AM2
47573849261,,
47582704319,sorting,
47581051415,in_container,I2_AM2
47579921337,in_container,G2_AM2
47589063532,in_container,J1_AM2
47579826639,in_container,A1_AM2
47580245558,in_container,H3_AM2
47589011742,sorting,
47574670594,in_container,F2_AM2
47587968391,in_container,B3_AM2
47588931542,in_container,B5_AM2
47571159010,,
47579737402,sorting,
47582977200,,
47588963001,in_container,G1_AM2
47583701026,sorting,
47580600631,sorting,A3_AM2
47588797101,in_container,I5_AM2
47588734241,sorting,D2_AM2
47582298755,sorting,
47579976399,in_container,F2_AM2
47588913787,in_container,K3_AM2
47579266623,in_container,A2_AM2
47588965055,in_container,H5_AM2
47588602494,in_container,B5_AM2
47577244705,in_container,C2_AM2
47589219398,in_container,A5_AM2
47581614325,in_container,C4_AM2
47581788032,in_container,A5_AM2
47579938690,in_container,D1_AM2
47575564522,sorting,
47580977281,in_container,I3_AM2
47581661294,in_container,H2_AM2
47579082661,in_container,D6_AM2
47588112417,sorting,
47582909397,in_container,C7_AM2
47580856973,,
47588744220,in_container,F1_AM2
47589227632,in_container,A2_AM2
47588771721,in_container,B4_AM2
47588106695,in_container,B4_AM2
47580557329,sorting,
47588829703,in_container,G4_AM2
47589060524,in_container,C5_AM2
47589036808,,
47588837426,,
47579402532,sorting,
47588933416,in_container,B1_AM2
47582860966,in_container,H3_AM2
47580581109,,
47588774311,in_container,A1_AM2
47580354800,in_container,F2_AM2
47583452222,in_container,F2_AM2
47589170534,in_container,H1_AM2
47578455749,in_container,B4_AM2
47579850616,in_container,G4_AM2
47577409684,,
47588611659,in_container,D4_AM2
47589255032,in_container,D5_AM2
47588738833,in_container,D1_AM2
47582501157,in_container,D5_AM2
47579993136,in_container,G5_AM2
47580646260,,
47588508409,in_container,D3_AM2
47582800597,sorting,
47582315105,sorting,
47583479600,,
47580823157,in_container,I3_AM2
47568793675,in_container,A6_AM2
47584518795,in_container,H7_AM2
47589018992,sorting,
47582290378,,
47589244930,in_container,C5_AM2
47579202061,in_container,G2_AM2
47579251406,,
47583695700,in_container,G6_AM2
47588878747,,
47579911725,sorting,
47588617710,in_container,B2_AM2
47589080452,sorting,
47588688662,in_container,D6_AM2
47588856245,,
47588672737,,
47580626460,,
47584584361,in_container,J3_AM2
47580747351,in_container,G2_AM2
47584365555,in_container,C4_AM2
47589204826,in_container,C5_AM2
47577453063,in_container,A3_AM2
47571702599,,
47584709620,,
47582512609,sorting,
47585656060,in_container,H1_AM2
47589189012,in_container,I6_AM2
47583841061,sorting,
47583099503,in_container,C7_AM2
47587670369,in_container,J1_AM2
47578719290,in_container,A5_AM2
47589149322,,
47579969710,,
47583347119,in_container,D6_AM2
47588682653,in_container,G4_AM2
47578246065,sorting,
47588623142,in_container,D3_AM2
47579161924,in_container,J3_AM2
47584501059,in_container,A3_AM2
47580283629,in_container,C4_AM2
47589032648,sorting,
47583954842,sorting,
47584217271,in_container,A1_AM2
47584416187,in_container,I6_AM2
47584921114,in_container,B3_AM2
47589150044,,
47580024143,in_container,J3_AM2
47588727673,in_container,J3_AM2
47588014510,in_container,C5_AM2
47588919269,in_container,I2_AM2
47583118344,in_container,B1_AM2
47541575204,sorting,
47571409009,,
47589149274,,
47579989774,in_container,I3_AM2
47589180284,,
47579162826,sorting,
47588735771,in_container,I4_AM2
47583936848,sorting,
47579335711,sorting,
47580997696,in_container,H5_AM2
47580058474,sorting,
47588981664,sorting,
47587916507,,
47588274504,in_container,D3_AM2
47588732086,in_container,I1_AM2
47588839187,,
47588412397,in_container,B1_AM2
47585067543,in_container,J3_AM2
47588785385,in_container,J3_AM2
47589233518,in_container,D4_AM2
47588849114,,
47578882089,in_container,G4_AM2
47578257141,in_container,J1_AM2
47578738709,,
47588984524,in_container,C1_AM2
47587976221,in_container,I4_AM2
47580892694,in_container,J3_AM2
47588366903,in_container,A5_AM2
47584348089,in_container,C2_AM2
47580383158,,
47583337122,,
47588952427,in_container,C1_AM2
47584680657,sorting,D3_AM2
47588901819,in_container,D6_AM2
47588157960,in_container,G5_AM2
47580462643,,
47589086118,,
47580546276,in_container,I6_AM2
47581691908,in_container,A2_AM2
47582934730,in_container,D2_AM2
47587867655,in_container,D1_AM2
47588699914,in_container,J2_AM2
47581335042,sorting,
47578475067,in_container,G2_AM2
47569814006,sorting,
47588854956,in_container,B2_AM2
47588450663,in_container,B2_AM2
47589227132,in_container,B6_AM2
47577563079,in_container,B5_AM2
47588433855,in_container,B5_AM2
47588991588,in_container,G3_AM2
47588935302,in_container,G2_AM2
47580467549,sorting,
47579329967,in_container,C4_AM2
47588865673,,
47582040833,in_container,G5_AM2
47578678919,in_container,B1_AM2
47566727351,in_container,J3_AM2
47588478362,in_container,G1_AM2
47581009472,in_container,H6_AM2
47585552761,,
47583948913,in_container,G2_AM2
47584198593,in_container,I4_AM2
47588765944,in_container,I4_AM2
47578299511,in_container,K1_AM2
47584496742,sorting,
47588099996,in_container,F1_AM2
47588738488,in_container,H5_AM2
47583762720,sorting,
47572201050,,
47588578687,in_container,G1_AM2
47580885810,in_container,C4_AM2
47589129590,in_container,A6_AM2
47580706513,in_container,H6_AM2
47580209523,in_container,C2_AM2
47584988891,in_container,H6_AM2
47588530997,in_container,J3_AM2
47588753473,sorting,
47588854876,in_container,G6_AM2
47577228878,,
47589047986,in_container,I4_AM2
47581997837,,
47583661020,sorting,
47581561507,in_container,C3_AM2
47588930999,in_container,I6_AM2
47588281093,in_container,A1_AM2
47580854092,sorting,D3_AM2
47588723144,in_container,B1_AM2
47579808994,in_container,C1_AM2
47580722440,in_container,J1_AM2
47579848700,in_container,G5_AM2
47580406046,sorting,
47582546139,,G5_AM2
47584172919,in_container,J3_AM2
47577759297,in_container,C6_AM2
47589184390,in_container,I1_AM2
47577977281,in_container,A3_AM2
47585480306,in_container,D5_AM2
47580691597,in_container,C5_AM2
47583275258,in_container,A2_AM2
47588608006,in_container,I2_AM2
47588833633,in_container,B2_AM2
47579716694,sorting,
47580261060,,
47579701005,,
47588327500,in_container,F1_AM2
47588959019,in_container,B3_AM2
47580291989,in_container,D6_AM2
47589006502,in_container,I2_AM2
47579784487,in_container,C2_AM2
47568261271,sorting,
47589206328,in_container,J2_AM2
47583865363,in_container,J2_AM2
47580543323,sorting,
47589053659,in_container,B6_AM2
47583983190,in_container,H4_AM2
47588919797,in_container,B3_AM2
47588915006,in_container,I2_AM2
47588836369,in_container,C5_AM2
47588429101,in_container,J2_AM2
47589155230,,
47589184846,sorting,H2_AM2
47584447605,,
47588528355,sorting,
47577453663,,
47582810604,sorting,
47588928729,in_container,B7_AM2
47588041079,sorting,
47588421061,in_container,H4_AM2
47588991484,,
47588343351,sorting,
47583317886,in_container,H3_AM2
47580270119,in_container,C1_AM2
47588172961,in_container,I3_AM2
47589238066,sorting,
47577951167,in_container,D2_AM2
47589255680,,
47584091334,in_container,C1_AM2
47588965268,in_container,G5_AM2
47588681913,in_container,J3_AM2
47588190981,in_container,B1_AM2
47588767149,in_container,A3_AM2
47588670700,,G2_AM2
47588454053,in_container,K3_AM2
47588607319,,
47577699386,in_container,B3_AM2
47588969825,in_container,B4_AM2
47589161126,in_container,D2_AM2
47584392450,in_container,A6_AM2
47579694273,in_container,F1_AM2
47589027501,in_container,F1_AM2
47588906943,in_container,A6_AM2
47588847696,in_container,C4_AM2
47588934270,in_container,G2_AM2
47588211509,in_container,I4_AM2
47580000863,in_container,B5_AM2
47578089695,in_container,B5_AM2
47584442744,sorting,K1_AM2
47588451233,in_container,J2_AM2
47579982674,sorting,
47580447995,in_container,G3_AM2
47580582657,in_container,G1_AM2
47588732189,in_container,G1_AM2
47578570872,,
47577484446,in_container,H3_AM2
47588160018,in_container,H5_AM2
175c26b8_9d61_3738_a17a_72a6f1da35fd,,
47578759963,sorting,I4_AM2
47588859719,in_container,G2_AM2
47588376529,,
47581320882,in_container,F2_AM2
47581294929,in_container,F1_AM2
47588480938,in_container,C2_AM2
47558382247,,I2_AM2
47580087293,in_container,J1_AM2
47582442724,sorting,
47588966270,in_container,I1_AM2
47588588415,in_container,J1_AM2
47589051360,in_container,A5_AM2
47580618301,,
47580530672,in_container,I3_AM2
47569913852,,
47583072626,in_container,I5_AM2
47580689836,,
47588796999,in_container,A4_AM2
47582885672,in_container,C3_AM2
47589104720,sorting,C7_AM2
47580377871,in_container,F1_AM2
47588970714,in_container,J3_AM2
47579482458,in_container,G4_AM2
47589076238,in_container,A5_AM2
47589190260,in_container,J3_AM2
47588909781,in_container,J3_AM2
47588419119,in_container,C4_AM2
47588862761,sorting,
47584347479,in_container,C5_AM2
47588599172,,
47569314247,in_container,I3_AM2
47577837993,in_container,K3_AM2
47580712628,in_container,C7_AM2
47588276299,in_container,A2_AM2
47577532492,sorting,
47580311181,,
47584650174,,
47584847631,in_container,H6_AM2
47580502534,in_container,J1_AM2
47580447914,in_container,D1_AM2
47587947609,in_container,G2_AM2
47588545791,in_container,J2_AM2
47589029403,in_container,G6_AM2
47588941978,in_container,B7_AM2
47589011068,in_container,A1_AM2
47589185982,in_container,A4_AM2
47588986313,,
47588484402,,C1_AM2
47541030488,,H6_AM2
47571506468,,
47589134980,in_container,H7_AM2
47579808746,sorting,C1_AM2
47588836127,,
47589028277,in_container,C2_AM2
47580206568,,
47584762442,in_container,D1_AM2
47579400847,in_container,G5_AM2
47588885911,in_container,J2_AM2
47579311201,in_container,A1_AM2
47588971373,in_container,G4_AM2
47578025518,sorting,I6_AM2
47568791713,,
47588858233,in_container,A4_AM2
47588797457,in_container,I3_AM2
47583377578,sorting,G2_AM2
47584361444,,
47580133865,sorting,H4_AM2
47580116684,in_container,H2_AM2
47574542987,sorting,
47579811237,in_container,K2_AM2
47580556554,sorting,
47589052688,in_container,J1_AM2
47589170348,in_container,C3_AM2
47588247141,in_container,C3_AM2
47588329438,in_container,A2_AM2
47580498011,,
47589248736,in_container,B1_AM2
47579758045,,
47588605279,in_container,J1_AM2
47580755500,,
47579864107,sorting,
47579505065,sorting,G6_AM2
47588628161,in_container,A4_AM2
47588578679,sorting,
47584347239,sorting,K4_AM2
47577308565,in_container,I6_AM2
47580414347,sorting,
47588890735,,
47588830371,in_container,D5_AM2
47580615497,in_container,I1_AM2
47579377294,sorting,D4_AM2
47587990325,in_container,A3_AM2
47583333041,in_container,H7_AM2
47580092558,in_container,A5_AM2
47578573177,,
47579273047,in_container,G1_AM2
47584033305,in_container,I4_AM2
47588887800,in_container,F2_AM2
47588399147,in_container,H4_AM2
47584533515,sorting,H1_AM2
47584062376,in_container,H1_AM2
47589134614,in_container,B6_AM2
47588797003,,
47588753865,in_container,H3_AM2
47575609195,,
47588108487,in_container,C7_AM2
47578272738,in_container,A2_AM2
47589081820,in_container,F2_AM2
47588646970,in_container,F2_AM2
47589003238,in_container,A2_AM2
47577438579,in_container,J3_AM2
47588919256,in_container,G1_AM2
47588231187,in_container,D3_AM2
47588812695,sorting,
47588742597,in_container,J1_AM2
47580372568,in_container,G2_AM2
47580536001,in_container,C5_AM2
47579477811,in_container,B7_AM2
47589144472,sorting,A1_AM2
47588922984,in_container,B5_AM2
47577554182,in_container,D5_AM2
47580693518,sorting,I2_AM2
47581938806,in_container,C2_AM2
47585040612,,
47588634432,sorting,I3_AM2
47585126786,sorting,D4_AM2
47589120976,in_container,I1_AM2
47583490171,in_container,C2_AM2
47588848724,sorting,
47588129836,in_container,G3_AM2
47589016512,in_container,C6_AM2
47588952195,in_container,F2_AM2
47582140098,,
47579445196,in_container,H5_AM2
47588715597,,
47580739626,in_container,G4_AM2
47588676283,in_container,K2_AM2
47578066573,in_container,G2_AM2
47588879892,in_container,A4_AM2
47584877049,in_container,J2_AM2
47588222255,in_container,J1_AM2
47584548705,in_container,H3_AM2
47577495779,sorting,
47580503612,in_container,J2_AM2
47588069624,in_container,C3_AM2
47584908065,sorting,D2_AM2
47583575294,in_container,D6_AM2
47578417118,in_container,I1_AM2
47588592886,in_container,H4_AM2
47589027636,,
47588978327,sorting,
47579860650,in_container,F2_AM2
47582756741,in_container,F1_AM2
47578559231,,
47589046070,in_container,B3_AM2
47582942177,in_container,J2_AM2
47588806891,,
47581531618,in_container,H6_AM2
47580833712,in_container,J2_AM2
47588871159,in_container,C2_AM2
47583797339,in_container,G2_AM2
47583279943,in_container,J2_AM2
47588714683,in_container,G6_AM2
47577548654,in_container,C6_AM2
47579979539,sorting,A1_AM2
47580028151,sorting,
47580380931,in_container,A4_AM2
47588780706,in_container,A4_AM2
47577928886,in_container,C3_AM2
47589222760,in_container,B3_AM2
47580150252,sorting,
47588437533,,
47588494346,in_container,G4_AM2
47588602706,in_container,F1_AM2
47585009052,sorting,
47589162894,in_container,C4_AM2
47584265223,in_container,H7_AM2
47588508749,,H2_AM2
47581329472,in_container,C2_AM2
47588451577,in_container,J2_AM2
47589138286,in_container,I4_AM2
47578860455,in_container,F2_AM2
47580638026,in_container,C3_AM2
47573749182,,
47588909767,in_container,I2_AM2
47588571376,in_container,G3_AM2
47575682272,in_container,A3_AM2
47583928390,in_container,C1_AM2
47588226949,in_container,G5_AM2
47579199061,sorting,
47588905480,sorting,
47579993815,in_container,A5_AM2
47580842730,sorting,D4_AM2
47588716384,in_container,A6_AM2
47580047677,in_container,J3_AM2
47579837381,in_container,H2_AM2
47580751404,,
47583992464,in_container,I1_AM2
47588985251,in_container,G3_AM2
47588955061,,
47588896927,,
47587734951,in_container,B6_AM2
47583996495,in_container,F2_AM2
47588606933,in_container,D4_AM2
47582154598,,
47588695300,sorting,
47568578283,,
47563547844,,
47588929679,in_container,J3_AM2
47585526065,,
47580606743,in_container,C6_AM2
47588332575,in_container,G2_AM2
47577144763,sorting,
47580462813,,
47588797231,in_container,H5_AM2
47580325449,in_container,K6_AM2
47580629015,in_container,G4_AM2
47583424018,in_container,H3_AM2
47580278769,in_container,C4_AM2
47583535141,in_container,A6_AM2
47589151446,sorting,
47588489979,in_container,C6_AM2
47579630998,in_container,I3_AM2
47589175878,,
47589024066,in_container,F2_AM2
47588948235,in_container,C1_AM2
47580946090,in_container,G4_AM2
47588553669,in_container,H3_AM2
47588779445,in_container,B2_AM2
47588427335,in_container,H5_AM2
47588315711,in_container,D2_AM2
47588882267,,
47588580582,in_container,C2_AM2
47589031928,in_container,J3_AM2
47588830843,sorting,
47588834512,sorting,
47580558439,in_container,C6_AM2
47580976406,,
47578724948,in_container,H1_AM2
47580352776,in_container,B2_AM2
47587991678,in_container,A4_AM2
47579910338,in_container,A1_AM2
47589296768,in_container,K1_AM2
47582055434,in_container,B4_AM2
47580183145,in_container,H5_AM2
47583268588,,
47580964485,,
47580143104,in_container,I2_AM2
47588713887,in_container,C4_AM2
47588369991,in_container,D6_AM2
47580811295,in_container,C4_AM2
47580615495,,
47588948463,in_container,C1_AM2
47588864422,in_container,J2_AM2
47579787694,,
47588781561,in_container,B7_AM2
47589186262,in_container,A1_AM2
47582341245,in_container,H1_AM2
47580816249,,
47588841299,sorting,
47588459501,in_container,H3_AM2
47568627946,,
47588250743,sorting,
47588243349,in_container,B5_AM2
47584048703,sorting,
47571390879,in_container,A2_AM2
47579677539,sorting,
47589094580,in_container,D1_AM2
47579197281,in_container,G4_AM2
47589004924,in_container,A3_AM2
47583586941,sorting,
47583784709,,
47588217225,in_container,F1_AM2
47582454562,in_container,G2_AM2
47589047156,sorting,D2_AM2
47572377642,in_container,F1_AM2
47582049589,,
47589175204,in_container,G5_AM2
47584245458,sorting,
47583291475,in_container,C2_AM2
47580422485,in_container,B7_AM2
47588612352,sorting,
47585542614,,
47579820890,in_container,B1_AM2
47589207000,in_container,G5_AM2
47588968083,in_container,J1_AM2
47583335780,in_container,I1_AM2
47578924400,,
47585371511,,
47580259712,,
47588155249,in_container,G2_AM2
47579336182,sorting,A3_AM2
47579855067,sorting,
47578697859,in_container,I4_AM2
47574526624,,
47577773809,sorting,H1_AM2
47582683259,in_container,I3_AM2
47588137203,in_container,G1_AM2
47587880111,,
47585103298,in_container,H2_AM2
47578594864,in_container,C3_AM2
47588817588,sorting,
47588079222,in_container,B2_AM2
47583927242,in_container,H6_AM2
47588492186,in_container,B1_AM2
47588943287,in_container,C1_AM2
47588986248,,J2_AM2
47583419773,in_container,B4_AM2
47582704351,in_container,A1_AM2
47579592455,in_container,A4_AM2
47581546497,in_container,H3_AM2
47558917614,in_container,A2_AM2
47584564824,,
47589143072,,
47580271153,,
47588718593,in_container,I1_AM2
47577314935,sorting,
47583469064,in_container,G3_AM2
47577796304,in_container,B1_AM2
47574734924,,
47589166180,in_container,A3_AM2
47579687675,in_container,I4_AM2
47588696948,in_container,I4_AM2
47588274901,in_container,H1_AM2
47588641227,sorting,
47588968701,in_container,K5_AM2
47577751606,in_container,K2_AM2
47588620657,sorting,
47580351869,in_container,D2_AM2
47588908488,in_container,A6_AM2
47588694083,in_container,A5_AM2
47588561564,in_container,F1_AM2
47588193340,in_container,D3_AM2
47579336767,in_container,A5_AM2
47584198343,sorting,I4_AM2
47588232007,in_container,C6_AM2
47585217648,in_container,B6_AM2
47583270487,in_container,H5_AM2
47571448467,in_container,C2_AM2
47577704447,,
47588843735,in_container,C2_AM2
47588948074,in_container,A6_AM2
47584287780,in_container,C4_AM2
47588770357,in_container,D3_AM2
47588967035,in_container,D3_AM2
47583856961,in_container,C2_AM2
47588805322,in_container,A5_AM2
47583717286,sorting,
47571837419,in_container,H2_AM2
47581901236,in_container,G3_AM2
47580564988,,
47588615256,in_container,G6_AM2
47579222395,in_container,C3_AM2
47588480381,in_container,H4_AM2
47588199934,in_container,F1_AM2
47578100905,in_container,G5_AM2
47570544254,in_container,I4_AM2
47589070952,,
47580513115,in_container,D1_AM2
47585245556,in_container,H2_AM2
47571621073,,
47588374907,in_container,I5_AM2
47579586263,in_container,G5_AM2
47579961613,in_container,I3_AM2
47580107631,in_container,B4_AM2
47589101616,,
47571527273,in_container,B3_AM2
47588294755,in_container,A3_AM2
47589121644,in_container,A4_AM2
47583122321,in_container,H6_AM2
47580203066,in_container,A6_AM2
47578002265,sorting,
47578871629,in_container,G3_AM2
47583216475,,
47570306096,in_container,F2_AM2
47580383968,in_container,H4_AM2
47584719290,in_container,F1_AM2
47578923412,in_container,F1_AM2
47588994125,in_container,H6_AM2
47580553515,sorting,
47580491247,in_container,I1_AM2
47571375016,,
47580498733,in_container,G5_AM2
47578429272,sorting,
47579865319,in_container,I2_AM2
47588673327,in_container,J3_AM2
47589102538,in_container,B7_AM2
47589002791,in_container,F2_AM2
47579343667,in_container,I6_AM2
47582946531,in_container,B3_AM2
47580830112,,
47589106032,in_container,D5_AM2
47570019057,sorting,
47588646653,in_container,I2_AM2
47580735757,sorting,
47580878558,sorting,G5_AM2
47588683610,in_container,I3_AM2
47581990109,in_container,A5_AM2
47588850897,,
47588570070,in_container,G4_AM2
47583549047,,
47579890258,sorting,I2_AM2
47582822211,in_container,B6_AM2
47589064040,in_container,H3_AM2
47568721549,in_container,K2_AM2
47589304290,in_container,K2_AM2
47580158722,in_container,H5_AM2
47589264150,in_container,J3_AM2
47585536242,,
47581251324,in_container,G4_AM2
47588671961,sorting,
47588762267,in_container,
47579252385,in_container,J1_AM2
47580660193,sorting,
47582971437,sorting,
47581898085,,G4_AM2
47579786542,sorting,
47588651368,in_container,B1_AM2
47578992893,in_container,A2_AM2
47588748728,,
47580393749,in_container,A2_AM2
47578385383,in_container,B5_AM2
47577359224,in_container,C2_AM2
47546806423,,
47588836560,,
47589044450,in_container,I3_AM2
47585268731,in_container,J1_AM2
47588349433,,
47588669663,in_container,D1_AM2
47570613447,sorting,
47580744832,in_container,A3_AM2
47583352617,in_container,I3_AM2
47585251978,in_container,G2_AM2
47579651869,in_container,G6_AM2
47580081807,in_container,J3_AM2
47579570426,in_container,F1_AM2
47587970626,in_container,I2_AM2
47579717705,in_container,C1_AM2
47580688756,in_container,F1_AM2
47580745916,in_container,B4_AM2
47582872016,in_container,H4_AM2
47580664521,in_container,G4_AM2
47589203660,,
47524241674,,G4_AM2
47588950942,in_container,I4_AM2
47580192582,,
47588115114,in_container,G1_AM2
47588331548,in_container,B5_AM2
47580344280,sorting,
47588524367,sorting,
47588528537,in_container,A1_AM2
47588739946,in_container,C2_AM2
47588919702,in_container,D3_AM2
47580873982,in_container,G1_AM2
47588352502,sorting,
47578583863,in_container,H1_AM2
47580270862,sorting,
47588835717,in_container,F2_AM2
47579147030,in_container,H4_AM2
47579844288,in_container,H3_AM2
47585445584,sorting,B4_AM2
47589031820,in_container,I2_AM2
47588483233,in_container,A6_AM2
47580741003,in_container,J3_AM2
47588809310,in_container,J3_AM2
47579737422,sorting,D4_AM2
47579066950,in_container,J3_AM2
47588956365,in_container,J3_AM2
47581896451,,
47581814407,,
47584126841,,
47579272540,in_container,A4_AM2
47588531003,sorting,
47580331407,in_container,H3_AM2
47583122774,sorting,
47588538525,in_container,B5_AM2
47588497077,in_container,D6_AM2
47588547682,in_container,G3_AM2
47582561551,in_container,H2_AM2
47579013949,in_container,G2_AM2
47577821865,sorting,
47588844451,,
47579103653,in_container,A3_AM2
47588941876,sorting,
47579366674,in_container,I3_AM2
47589142728,in_container,F1_AM2
47589129384,in_container,G2_AM2
47588055779,in_container,K6_AM2
47585793176,,
47584850388,in_container,H3_AM2
47580346889,in_container,B4_AM2
47589059932,in_container,B1_AM2
47588735564,in_container,A6_AM2
47582510867,in_container,I5_AM2
47588893841,,
47584320216,in_container,D6_AM2
47588066564,in_container,G5_AM2
47589111598,in_container,A5_AM2
47579313635,,G4_AM2
47580531079,in_container,G3_AM2
47588918039,in_container,D3_AM2
47588682475,in_container,I2_AM2
47577391258,in_container,G4_AM2
47589037708,in_container,I3_AM2
47588279212,in_container,H6_AM2
47578750817,in_container,G6_AM2
47579376352,in_container,A4_AM2
47579241139,in_container,B2_AM2
47574895972,in_container,H2_AM2
47580027009,sorting,D4_AM2
47588295147,in_container,D3_AM2
47588580039,in_container,A6_AM2
47579580452,in_container,D1_AM2
47585303238,in_container,I4_AM2
47579535545,in_container,G6_AM2
47580121867,in_container,G4_AM2
47587870541,in_container,F2_AM2
47588872465,,
47578755456,in_container,B6_AM2
47588949428,,
47580706050,,
47580245099,sorting,D4_AM2
47582339651,in_container,A6_AM2
47580875444,sorting,
47588485207,in_container,F1_AM2
47588574625,in_container,B5_AM2
47589253072,in_container,I1_AM2
47588760132,in_container,A1_AM2
47584280961,sorting,
47568857043,,
47582050183,sorting,
47580033641,in_container,H7_AM2
47588934168,in_container,D4_AM2
47580676180,sorting,G2_AM2
47579134894,in_container,I5_AM2
47583528835,in_container,G5_AM2
47580195891,in_container,J3_AM2
47584048222,in_container,B7_AM2
47585307698,in_container,H1_AM2
47584922279,,
47589014528,in_container,I6_AM2
47577436924,in_container,K2_AM2
47583308029,in_container,A2_AM2
47581970347,in_container,A5_AM2
47583346499,sorting,
47582948695,in_container,I2_AM2
47589039037,,
47583361088,in_container,H2_AM2
47588678057,in_container,D2_AM2
47580432410,sorting,
47579105781,in_container,G4_AM2
47588774149,in_container,D6_AM2
47583210380,,
47579767280,sorting,
47580194409,,
47580556746,in_container,I3_AM2
47588998539,in_container,C6_AM2
47588645823,,
47588446413,in_container,F2_AM2
47588536660,in_container,H4_AM2
47587908717,in_container,H4_AM2
47588903130,in_container,B6_AM2
47580001019,sorting,H3_AM2
47580683984,,K2_AM2
47589105057,sorting,K1_AM2
47588921380,,
47588787741,in_container,J2_AM2
47583470471,sorting,
47579605736,in_container,D2_AM2
47580197580,sorting,C2_AM2
47585522883,in_container,J2_AM2
47588623473,,G2_AM2
47580448622,in_container,A3_AM2
47578877750,in_container,G5_AM2
47588854715,sorting,
47589079078,in_container,J3_AM2
47584213062,in_container,D3_AM2
47589033574,in_container,G6_AM2
47584739142,sorting,
47580495009,in_container,B7_AM2
47588911505,sorting,
47584152415,in_container,B2_AM2
47588952642,in_container,F2_AM2
47583540712,in_container,H4_AM2
47583403036,in_container,K2_AM2
47589124638,,
47588912782,in_container,F1_AM2
47588428013,sorting,
47577636396,in_container,D6_AM2
47589139756,in_container,A6_AM2
47582980448,in_container,I2_AM2
47588767317,,
47580591389,in_container,J3_AM2
47589160486,,
47589280322,,
47579166960,in_container,C2_AM2
47578466970,in_container,I3_AM2
47580331236,in_container,C1_AM2
47583339836,,
47589209458,in_container,D1_AM2
47578610545,in_container,B2_AM2
47580354285,in_container,F2_AM2
47588889363,in_container,J1_AM2
47588593815,in_container,G4_AM2
47580895852,in_container,J2_AM2
47588473959,,C5_AM2
47589065794,in_container,I1_AM2
47588234952,in_container,F1_AM2
47588320349,in_container,I3_AM2
47580293084,in_container,F1_AM2
47580490369,in_container,C4_AM2
47589024735,sorting,
47588983671,in_container,B2_AM2
47589012913,,
47588960647,sorting,I5_AM2
47582967643,sorting,
47579184853,in_container,B1_AM2
47588365123,sorting,
47580067513,sorting,G2_AM2
47577937133,in_container,C1_AM2
47580479872,in_container,G1_AM2
47584278368,in_container,G6_AM2
47580700237,in_container,A1_AM2
47578908691,in_container,B2_AM2
47576242453,in_container,F1_AM2
47580509077,in_container,G2_AM2
47589300358,in_container,G2_AM2
47589029662,in_container,C1_AM2
47584167871,in_container,C2_AM2
47588671913,sorting,
47588670230,in_container,D1_AM2
47583399524,,
47580244781,sorting,
47578727288,in_container,H1_AM2
47589053760,in_container,H3_AM2
47588959900,,
47578458255,,
47582987708,in_container,I1_AM2
47588876239,,
47581940519,in_container,J1_AM2
47563600521,sorting,
47588915503,in_container,F1_AM2
47588291013,in_container,G3_AM2
47579899970,in_container,C4_AM2
47589024745,,
47580602051,in_container,D4_AM2
47588062503,in_container,D4_AM2
47589118842,in_container,J2_AM2
47580914386,in_container,J2_AM2
47588597781,in_container,A3_AM2
47580461208,in_container,C1_AM2
47580506765,in_container,J3_AM2
47589203656,in_container,G6_AM2
47587928731,in_container,G6_AM2
47579791255,in_container,H1_AM2
47589016585,in_container,J1_AM2
47588937307,in_container,D5_AM2
47588822653,in_container,G1_AM2
47579906748,in_container,I2_AM2
47578616051,,
47578897968,,
47583647752,in_container,C2_AM2
47588838057,in_container,J2_AM2
47577306292,in_container,G3_AM2
47582581324,sorting,D4_AM2
47580646176,in_container,K5_AM2
47583735079,in_container,
47588739531,sorting,
47583911718,in_container,D1_AM2
47580389382,in_container,F2_AM2
47588914233,,
47580466766,in_container,F1_AM2
47583149749,sorting,
47580507011,,
47584371911,in_container,F1_AM2
47584097698,in_container,J1_AM2
47581798239,in_container,I1_AM2
47589038284,in_container,C2_AM2
47588157935,,
47577528350,in_container,G3_AM2
47588816725,sorting,
47589219794,sorting,
47586114721,in_container,I6_AM2
47584313503,in_container,B4_AM2
47585309654,in_container,F1_AM2
47580534864,,
47583346299,in_container,G2_AM2
47582770767,in_container,B1_AM2
47579644203,in_container,G1_AM2
47577539966,in_container,G3_AM2
47588795919,in_container,I5_AM2
47584021385,,
47588737117,in_container,J1_AM2
47579475561,sorting,D2_AM2
47566151915,in_container,I4_AM2
47588675053,in_container,I4_AM2
47576434869,,
47583648279,in_container,B6_AM2
47588960313,in_container,H4_AM2
47582889493,missorted,
47588028237,,
47580625695,in_container,J1_AM2
47584538704,in_container,I2_AM2
47576714324,in_container,C1_AM2
47589196122,in_container,B2_AM2
47588294304,in_container,H4_AM2
47588706922,in_container,B6_AM2
47588298420,in_container,C7_AM2
47584042481,sorting,B4_AM2
47583715779,in_container,B3_AM2
47581008516,sorting,G5_AM2
47575784974,sorting,
47579131291,in_container,J3_AM2
47566141052,,
47580066097,sorting,
47582925146,in_container,H6_AM2
47577745139,in_container,J3_AM2
47583780089,in_container,I3_AM2
47588213357,in_container,J2_AM2
47588588896,,
47580429730,in_container,G5_AM2
47580575444,in_container,J3_AM2
47589170446,in_container,J3_AM2
47588815027,in_container,G1_AM2
47582177596,in_container,F1_AM2
47580703775,in_container,I4_AM2
47577717651,in_container,J2_AM2
47588556571,,
47584876915,,J2_AM2
47588482437,sorting,
47588735297,in_container,H1_AM2
47567469404,,
47584879109,in_container,B2_AM2
47584093741,in_container,B7_AM2
47579852902,,
47588773784,in_container,F1_AM2
47580187761,in_container,J3_AM2
47578818888,in_container,H5_AM2
47583644176,in_container,F1_AM2
47588423115,in_container,C3_AM2
47588873373,in_container,B4_AM2
47589127996,sorting,
47588943798,in_container,J1_AM2
47577460564,in_container,K1_AM2
47580096491,in_container,F1_AM2
47589162088,in_container,H1_AM2
47584003999,in_container,G1_AM2
47588658201,in_container,A1_AM2
47588196579,,
47583022980,in_container,H5_AM2
47589114702,in_container,B4_AM2
47580332107,sorting,
47589117936,in_container,G4_AM2
47588902872,in_container,D2_AM2
47588909183,in_container,J1_AM2
47579858054,in_container,G1_AM2
47583945461,sorting,
47580865598,in_container,G3_AM2
47583289053,,
47569562871,in_container,B1_AM2
47584375622,in_container,J3_AM2
47579747713,sorting,H2_AM2
47588946458,in_container,C5_AM2
47584156502,in_container,I5_AM2
47576812745,sorting,
47579928327,in_container,B3_AM2
47584812356,in_container,C4_AM2
47579417821,in_container,J2_AM2
47580717972,in_container,G3_AM2
47583005751,in_container,D5_AM2
47569192968,in_container,J2_AM2
47581595447,in_container,G3_AM2
47589091200,in_container,F1_AM2
47584057363,in_container,I4_AM2
47580368669,in_container,F2_AM2
47588964106,in_container,A1_AM2
47584487863,sorting,
47589171062,in_container,K4_AM2
47584040268,,
47583779461,sorting,
47579563412,in_container,H6_AM2
47588975737,in_container,I1_AM2
47582809961,in_container,A5_AM2
47588896470,sorting,
47578561136,in_container,I1_AM2
47583668776,,
47580064264,sorting,D2_AM2
47588886733,in_container,J3_AM2
47581121665,sorting,
47579724473,in_container,C4_AM2
47570423479,,
47583279564,in_container,J3_AM2
47580859444,in_container,B1_AM2
47581930848,,
47588797495,sorting,
47580695930,in_container,J1_AM2
47588611633,in_container,G6_AM2
47588747750,,
47580936982,in_container,K1_AM2
47588906005,in_container,H3_AM2
47588533195,in_container,J1_AM2
47576133439,in_container,J1_AM2
47580372179,sorting,C5_AM2
47588952555,sorting,G5_AM2
47577902751,in_container,G1_AM2
47588273789,in_container,I2_AM2
47589121062,in_container,D1_AM2
47578183745,,
47583335511,in_container,C3_AM2
47583134392,sorting,
47582695248,in_container,I5_AM2
47588843355,in_container,B5_AM2
47580456794,,
47580408515,in_container,B3_AM2
47588943002,sorting,
47588962539,in_container,C1_AM2
47583254517,in_container,I1_AM2
47580133354,sorting,
47580624980,in_container,F2_AM2
47580969188,in_container,I1_AM2
47588890344,in_container,G5_AM2
47588800767,in_container,C1_AM2
47588776232,sorting,H3_AM2
47588835472,in_container,J2_AM2
47563030255,sorting,
47571811495,in_container,C3_AM2
47588759776,,
47588479042,sorting,
47588759458,in_container,F1_AM2
47581780557,sorting,D2_AM2
47588823308,sorting,
47583323043,in_container,B1_AM2
47589205858,,
47588877837,,
47579455407,in_container,C2_AM2
47580641033,,
47588205304,in_container,A3_AM2
47588902561,,
47580375615,in_container,I5_AM2
47585559694,,
47588188219,in_container,J3_AM2
47580471021,in_container,H4_AM2
47580568912,in_container,A1_AM2
47589191044,in_container,I6_AM2
47588580207,in_container,H3_AM2
47571760883,,
47588646476,in_container,D1_AM2
47588592363,in_container,G3_AM2
47580484576,in_container,H7_AM2
47583131027,sorting,
47584950957,in_container,C1_AM2
47588525605,in_container,D2_AM2
47580635719,in_container,A3_AM2
47580313058,sorting,
47588224439,in_container,I5_AM2
47585793848,,
47580016004,in_container,J3_AM2
47588554060,in_container,C6_AM2
47588161435,in_container,F2_AM2
47580541149,in_container,B6_AM2
47580881488,sorting,
47588748975,in_container,H3_AM2
47580136989,in_container,I6_AM2
47584548550,in_container,C7_AM2
47588924247,in_container,A2_AM2
47582616628,sorting,
47578709958,in_container,J2_AM2
47589229376,in_container,J2_AM2
47588264422,in_container,B1_AM2
47588681774,,
47588554635,in_container,D4_AM2
47588845759,,
47583767538,in_container,I3_AM2
47580784519,in_container,B3_AM2
47580932422,in_container,C4_AM2
47581839367,in_container,C2_AM2
47589017374,in_container,H2_AM2
47588772581,in_container,D3_AM2
47589254520,,C1_AM2
47580490925,in_container,A6_AM2
47579792708,in_container,J1_AM2
47588714587,in_container,B1_AM2
47578175670,,I4_AM2
47579201458,in_container,J2_AM2
47588895048,in_container,F2_AM2
47589078728,sorting,
47575352575,in_container,F1_AM2
47588926709,in_container,B5_AM2
47580497427,in_container,J2_AM2
47588829513,,
47577549604,in_container,A4_AM2
47588701051,in_container,G3_AM2
47588841445,,
47580156859,in_container,B2_AM2
47588788337,sorting,
47588817209,,I1_AM2
47580541050,in_container,C2_AM2
47552012778,,
47588726363,sorting,D1_AM2
47579176419,in_container,B6_AM2
47572126290,,
47583685957,in_container,A4_AM2
47578259040,in_container,B3_AM2
47585177553,in_container,J2_AM2
47588343131,in_container,D2_AM2
47578091645,in_container,A5_AM2
47579843488,sorting,
47588804531,,
47582314666,in_container,D4_AM2
47589021809,in_container,I4_AM2
47578335331,in_container,C5_AM2
47581372637,in_container,C2_AM2
47585406920,,
47582432524,in_container,D5_AM2
47583128708,in_container,J2_AM2
47589231900,in_container,G3_AM2
47580105605,sorting,G6_AM2
47588519718,sorting,
47583937603,in_container,B7_AM2
47578743296,in_container,B7_AM2
47588710012,,
47588875659,sorting,I6_AM2
47580069398,in_container,I6_AM2
47588892943,in_container,B4_AM2
47580087722,in_container,B4_AM2
47580753840,,
47588927293,in_container,D3_AM2
47580956316,in_container,B1_AM2
47588122509,in_container,F1_AM2
47577910394,in_container,D1_AM2
47584254079,in_container,J2_AM2
47588931236,in_container,J2_AM2
47579716179,in_container,G3_AM2
47580046887,in_container,G2_AM2
47577819594,sorting,
47588756792,in_container,G5_AM2
47580599425,in_container,C4_AM2
47588907927,in_container,A3_AM2
47581756421,in_container,G6_AM2
47580596731,in_container,F2_AM2
47580538270,in_container,B2_AM2
47582895975,in_container,C1_AM2
47588139595,sorting,
47580389650,in_container,B1_AM2
47579329229,sorting,
47583462919,,
47579064349,sorting,
47580411135,in_container,D1_AM2
47588844018,in_container,A6_AM2
47588803418,in_container,I2_AM2
47578644064,,
47580963166,in_container,I2_AM2
47578830485,in_container,A6_AM2
47571315960,in_container,I2_AM2
47577341903,in_container,C6_AM2
47588857219,in_container,H2_AM2
47588919355,,
47588650800,in_container,A6_AM2
47588708343,in_container,F2_AM2
47580571928,in_container,G2_AM2
47588842024,sorting,
47578198150,sorting,
47588482672,in_container,B5_AM2
47583489213,sorting,
47584080467,sorting,
47589209002,in_container,J1_AM2
47588818275,in_container,D4_AM2
47588374069,in_container,A1_AM2
47589126432,in_container,I3_AM2
47588814457,in_container,D5_AM2
47582869515,,
47580512772,in_container,D3_AM2
47588382836,in_container,A1_AM2
47579423150,,
47588941889,in_container,H4_AM2
47568211645,,
47584734921,in_container,B1_AM2
47588910739,in_container,D2_AM2
47588142903,in_container,I2_AM2
47589025151,in_container,G1_AM2
47582126774,sorting,
47588918009,in_container,D6_AM2
47588259670,in_container,B6_AM2
47584401151,in_container,H4_AM2
47580576359,in_container,A1_AM2
47577557906,in_container,I6_AM2
47588826339,,
47579261794,in_container,H6_AM2
47582541158,sorting,G2_AM2
47581922077,,
47585104594,,
47585182665,,
47589257914,in_container,B7_AM2
47588901571,,
47546479743,,B6_AM2
47588954658,in_container,A1_AM2
47588699421,in_container,H3_AM2
47580304615,in_container,B5_AM2
47580361654,in_container,F2_AM2
47588591153,in_container,D5_AM2
47581150708,,
47580405267,in_container,I3_AM2
47581251690,sorting,
47588285807,in_container,I3_AM2
47580687225,in_container,J3_AM2
47588711757,in_container,H2_AM2
47588936596,in_container,F1_AM2
47583608089,in_container,H4_AM2
47584400650,sorting,
47587953769,in_container,H3_AM2
47579246770,sorting,
47589188152,in_container,K3_AM2
47577747448,sorting,
47589021033,in_container,F2_AM2
47583257784,in_container,J3_AM2
47588275272,in_container,J1_AM2
47588341925,in_container,C1_AM2
47588528560,in_container,F1_AM2
47574526606,,
47579837218,in_container,A5_AM2
47580264948,in_container,I5_AM2
47588930008,sorting,
47584822592,in_container,J1_AM2
47588799148,in_container,A3_AM2
47536547262,in_container,A2_AM2
47589209930,in_container,A5_AM2
47579802269,in_container,A2_AM2
47588878373,in_container,I1_AM2
47579506114,in_container,B7_AM2
47580533228,sorting,A4_AM2
47588848736,in_container,A1_AM2
47556608755,in_container,G5_AM2
47588617896,in_container,A2_AM2
47580523910,in_container,F2_AM2
47588710186,in_container,A1_AM2
47579865985,in_container,I6_AM2
47581766037,in_container,B3_AM2
47588406104,in_container,I3_AM2
47587963261,in_container,J2_AM2
47578829272,in_container,H2_AM2
47589174650,,
47589237378,in_container,A6_AM2
47582848060,in_container,B2_AM2
47579976355,in_container,F2_AM2
47588510497,in_container,A2_AM2
47579775222,in_container,B3_AM2
47589026640,,A2_AM2
47578422135,in_container,F1_AM2
47580457095,in_container,A5_AM2
47588518223,in_container,J3_AM2
47588892275,in_container,D6_AM2
47588876184,,
47568288086,in_container,C5_AM2
47580857742,in_container,I1_AM2
47580844892,in_container,C1_AM2
47567796774,in_container,C2_AM2
47589047070,in_container,J1_AM2
47580707174,in_container,A5_AM2
47587960804,in_container,D3_AM2
47580056256,sorting,
47580447086,,
47582573195,in_container,B2_AM2
47583820063,,
47584257016,in_container,H1_AM2
47571506263,,
47583338257,in_container,A1_AM2
47584225344,in_container,B3_AM2
47589199594,sorting,
47582846829,in_container,F2_AM2
47574277658,in_container,B1_AM2
47588705824,in_container,G3_AM2
47588701045,in_container,J3_AM2
47584520538,in_container,A5_AM2
47589205540,in_container,F1_AM2
47584650308,in_container,D1_AM2
47588560184,,
47580458556,in_container,I1_AM2
47580726497,sorting,C5_AM2
47581800079,in_container,G6_AM2
47580008943,in_container,A4_AM2
47588925165,in_container,H1_AM2
47577988913,in_container,J1_AM2
47579438254,in_container,I5_AM2
47584272290,in_container,A5_AM2
47588925187,in_container,J2_AM2
47579982873,in_container,J2_AM2
47588999364,sorting,
47580321675,in_container,G2_AM2
47588552389,in_container,J2_AM2
47582106287,in_container,B2_AM2
47588948557,sorting,
47589197078,in_container,D5_AM2
47580048004,in_container,D4_AM2
47580574225,in_container,C3_AM2
47553987315,,
47584901405,in_container,G2_AM2
47588309549,in_container,K1_AM2
47578433640,in_container,C3_AM2
47588780735,in_container,H4_AM2
47588441515,in_container,A2_AM2
47562708479,,
47580321709,in_container,I3_AM2
47589234270,,
47580475757,sorting,
47582429443,in_container,H6_AM2
47580195276,in_container,B1_AM2
47579540472,in_container,J1_AM2
47588398683,,
47569502393,,
47580132209,in_container,H4_AM2
47579910478,sorting,A1_AM2
47580558273,sorting,K2_AM2
47583197740,in_container,B4_AM2
47579671123,sorting,
47578967788,in_container,G1_AM2
47577237735,in_container,J1_AM2
47580452984,in_container,A6_AM2
47585300754,in_container,J1_AM2
47589044182,sorting,
47580333249,in_container,D5_AM2
47588055579,in_container,G3_AM2
47588716148,in_container,A3_AM2
47577683702,,
47588207470,in_container,D3_AM2
47570999429,,
47580491775,,
47580355681,in_container,C6_AM2
47588806565,in_container,B7_AM2
47588841596,in_container,F2_AM2
47588308820,in_container,A1_AM2
47582728952,in_container,C7_AM2
47588868569,in_container,K2_AM2
47588813188,sorting,
47584197003,sorting,
47588955499,in_container,G4_AM2
47578252547,in_container,G1_AM2
47576311080,in_container,G2_AM2
47588991702,in_container,D1_AM2
47588205113,in_container,H6_AM2
47580859768,sorting,
47585007751,in_container,G5_AM2
47577666278,sorting,
47588587801,in_container,C7_AM2
47580374537,in_container,H5_AM2
47579858355,in_container,F2_AM2
47589029008,in_container,J3_AM2
47563236603,,J1_AM2
47588816763,sorting,
47584858485,in_container,D6_AM2
47583157020,in_container,D6_AM2
47583750129,in_container,J2_AM2
47580176859,in_container,B1_AM2
47588640247,,
47584366375,in_container,J2_AM2
47580381085,in_container,I4_AM2
47571988698,,
47589165788,in_container,G5_AM2
47588826727,in_container,B2_AM2
47589035529,in_container,J2_AM2
47589276032,sorting,
47588667500,in_container,G2_AM2
47588162329,,
47588864712,in_container,G4_AM2
47588296401,in_container,H4_AM2
47588893126,in_container,F1_AM2
47579590209,in_container,A4_AM2
47584607482,,
47578130632,in_container,C3_AM2
47583839335,in_container,J3_AM2
47588527813,in_container,H1_AM2
47580416244,in_container,B6_AM2
47578953812,in_container,K6_AM2
47582973934,in_container,F1_AM2
47578766267,in_container,I3_AM2
47577258621,in_container,D2_AM2
47577682184,in_container,I1_AM2
47570952709,,
47588621683,in_container,C1_AM2
47580546634,in_container,J3_AM2
47583482603,in_container,A4_AM2
47580766134,in_container,K2_AM2
47583415550,sorting,
47588257545,in_container,F1_AM2
47574361745,in_container,I5_AM2
47580427730,in_container,H6_AM2
47580053129,sorting,
47588941512,in_container,H6_AM2
47588592591,in_container,D2_AM2
47580354598,in_container,G6_AM2
47588305505,sorting,
47589081464,in_container,F2_AM2
47589106038,in_container,F2_AM2
47584011452,,
47588050867,in_container,I6_AM2
47579200704,in_container,H5_AM2
47584988945,,F1_AM2
47583782366,sorting,
47589041483,sorting,
47588803401,in_container,C5_AM2
47588622209,in_container,G3_AM2
47579285273,in_container,A3_AM2
47578203731,sorting,
47580616326,in_container,J1_AM2
47579384828,sorting,
47588481349,,
47588834682,,
47580530905,in_container,G3_AM2
47589198470,in_container,H6_AM2
47587854909,in_container,I1_AM2
47582305122,in_container,H7_AM2
47581690333,sorting,
47588956119,in_container,C6_AM2
47588908704,in_container,H3_AM2
47584939624,in_container,A1_AM2
47584345669,in_container,A2_AM2
47580418832,in_container,F1_AM2
47580302482,sorting,D4_AM2
47579391100,sorting,D2_AM2
47582461425,in_container,J1_AM2
47581084412,in_container,D4_AM2
47580876908,in_container,J1_AM2
47579638039,in_container,J2_AM2
47579692773,sorting,I5_AM2
47577391067,sorting,
47585420913,,
47588689443,in_container,J2_AM2
47583851883,in_container,F1_AM2
47579778017,sorting,
47588465153,in_container,B3_AM2
47588814483,in_container,D5_AM2
47589284434,sorting,
47578850118,in_container,H5_AM2
47580880190,in_container,C3_AM2
47578776495,in_container,H1_AM2
47589051560,,
47580721624,in_container,C3_AM2
47577630888,in_container,B6_AM2
47584809417,sorting,
47579954384,in_container,K1_AM2
47584016150,in_container,F1_AM2
47588848682,in_container,G4_AM2
47588619799,in_container,D2_AM2
47580963627,sorting,
47588781451,sorting,
47580918339,in_container,G5_AM2
47577161587,in_container,A3_AM2
47589190078,in_container,F2_AM2
47569728648,in_container,B6_AM2
47589121514,,
47580475882,sorting,
47580333458,sorting,
47589180852,in_container,C2_AM2
47588751270,in_container,A3_AM2
47588946727,sorting,
47574050747,in_container,C4_AM2
47580153633,in_container,D4_AM2
47580674751,in_container,D3_AM2
47583717466,sorting,G6_AM2
47580433630,in_container,A1_AM2
47589291362,in_container,F2_AM2
47588789541,sorting,
47585099139,in_container,G5_AM2
47588216833,in_container,F1_AM2
47588756311,in_container,F1_AM2
47588808367,,
47580660189,in_container,I1_AM2
47578397320,in_container,H6_AM2
47587942103,in_container,D5_AM2
47588788922,in_container,D2_AM2
47578807587,in_container,D5_AM2
47589199468,in_container,B2_AM2
47577188991,in_container,H4_AM2
47583369387,sorting,
47571175024,in_container,A2_AM2
47580017295,in_container,H5_AM2
47584562844,in_container,F1_AM2
47583710901,in_container,B1_AM2
47584112718,in_container,D4_AM2
47588549724,in_container,J1_AM2
47580145159,,
47589071748,in_container,I3_AM2
47584558948,in_container,G1_AM2
47583107717,in_container,C5_AM2
47580143818,in_container,D5_AM2
47580086722,in_container,I1_AM2
47580641118,sorting,A1_AM2
47581723714,in_container,G3_AM2
47580904570,in_container,J3_AM2
47579786223,,
47588853627,,
47583954773,sorting,
47589010230,in_container,J3_AM2
47588512419,sorting,
47580403254,in_container,G3_AM2
47588123634,in_container,D3_AM2
47584607336,in_container,I6_AM2
47580604688,in_container,H5_AM2
47583218395,in_container,B6_AM2
47588554985,sorting,
47589046776,in_container,F2_AM2
47579246893,in_container,J2_AM2
47588674077,sorting,
47588363081,in_container,B5_AM2
47584105408,in_container,D5_AM2
47588335127,in_container,G2_AM2
47588091773,,
47588961463,in_container,J2_AM2
47580354803,in_container,D6_AM2
47588624341,in_container,F1_AM2
47588611963,in_container,I3_AM2
47580598526,in_container,C4_AM2
47583121758,sorting,I1_AM2
47583628892,in_container,A3_AM2
47582964123,in_container,I4_AM2
47584807234,in_container,H4_AM2
47579613776,sorting,
47588406990,sorting,
47588246245,in_container,H3_AM2
47583852853,sorting,A2_AM2
47589280214,in_container,B4_AM2
47582625973,in_container,D5_AM2
47583095232,in_container,A3_AM2
47579806567,sorting,
47580419126,in_container,G1_AM2
47580061909,in_container,G1_AM2
47588985637,in_container,C4_AM2
47577380584,in_container,J2_AM2
47588824861,in_container,A5_AM2
47579585228,sorting,
47584550860,sorting,H1_AM2
47588175452,in_container,I6_AM2
47580428483,in_container,G4_AM2
47579169828,sorting,
47588493997,in_container,J2_AM2
47588682661,in_container,D5_AM2
47579118184,in_container,D3_AM2
47578114728,in_container,I2_AM2
47588978492,in_container,I2_AM2
47584063013,sorting,
47587679999,in_container,G4_AM2
47580884584,,
47589198406,in_container,C4_AM2
47588616095,in_container,C2_AM2
47588879337,,
47588567129,in_container,D3_AM2
47589049658,in_container,B7_AM2
47577796263,sorting,
47588951828,in_container,H1_AM2
47589295096,in_container,H1_AM2
47581648038,in_container,B3_AM2
47579934237,in_container,F1_AM2
47579808924,,
47588746645,in_container,D2_AM2
47579994750,in_container,D2_AM2
47587976189,in_container,J1_AM2
47588733163,in_container,D1_AM2
47588672710,in_container,J3_AM2
47588789916,in_container,I2_AM2
47588960696,in_container,G5_AM2
47588623167,,
47584101039,in_container,H2_AM2
47580528935,sorting,
47588984510,in_container,A4_AM2
47589039018,in_container,I2_AM2
47588936830,in_container,C2_AM2
47588197796,in_container,B1_AM2
47588968999,sorting,
47588816543,sorting,H3_AM2
47577439031,sorting,
47589014537,in_container,A1_AM2
47588946061,in_container,B6_AM2
47583216019,in_container,F1_AM2
47580973018,in_container,H5_AM2
47569106266,,
47580520576,in_container,H5_AM2
47588703202,in_container,F1_AM2
47582535255,in_container,J1_AM2
47571373842,,
47584264970,in_container,G2_AM2
47584159626,in_container,G5_AM2
47588084735,in_container,H4_AM2
47580253973,sorting,A1_AM2
47588704699,in_container,A4_AM2
47583455018,in_container,H3_AM2
47587776991,in_container,F2_AM2
47588957552,in_container,H2_AM2
47588941537,,
47588453151,sorting,
47588420635,in_container,G4_AM2
47588821969,in_container,G5_AM2
47589032767,,
47583581663,in_container,G3_AM2
47588900645,in_container,C6_AM2
47579282566,sorting,
47582341153,sorting,
47584176726,,
47589147094,in_container,H1_AM2
47580022506,in_container,F2_AM2
47589199908,in_container,B6_AM2
47583972696,in_container,B6_AM2
47588353585,in_container,C7_AM2
47579942293,in_container,C3_AM2
47580359115,,
47580957894,in_container,B4_AM2
47580828820,sorting,
47588404561,in_container,J2_AM2
47583557310,in_container,G2_AM2
47588941270,in_container,C4_AM2
47584639816,sorting,
47579899984,in_container,J1_AM2
47580921283,in_container,B1_AM2
47579789796,in_container,A3_AM2
47581050421,in_container,C1_AM2
47583021019,sorting,I2_AM2
47564553417,,
47580890862,in_container,G5_AM2
47578594024,sorting,
47588144878,sorting,
47588908301,in_container,H3_AM2
47584344471,sorting,
47575857197,in_container,F1_AM2
47588924126,in_container,F2_AM2
47584326980,in_container,A6_AM2
47588544000,sorting,D3_AM2
47588600049,in_container,D3_AM2
47569790974,sorting,
47578422095,in_container,G1_AM2
47583370634,in_container,C2_AM2
47588034039,in_container,H7_AM2
47588175107,sorting,
47580609412,sorting,
47588934011,in_container,A5_AM2
47579506718,sorting,
47589240784,,A1_AM2
47579778960,in_container,F2_AM2
47578701499,sorting,K3_AM2
47583749410,in_container,J2_AM2
47583709021,in_container,I1_AM2
47577529690,in_container,G5_AM2
47580796994,in_container,H1_AM2
47570874065,in_container,F2_AM2
47579915865,in_container,F2_AM2
47580600603,in_container,A3_AM2
47580713856,sorting,
47588971176,in_container,G3_AM2
47582215448,in_container,B7_AM2
47577300942,in_container,H1_AM2
47578469372,sorting,
47582441877,in_container,A4_AM2
47589020284,in_container,H3_AM2
47588624178,in_container,D1_AM2
47580376934,sorting,
47588497751,in_container,I5_AM2
47580303178,in_container,J3_AM2
47580494628,in_container,J3_AM2
47584084490,in_container,F2_AM2
47583113758,in_container,H5_AM2
47569986829,sorting,
47570808586,,
47580878130,in_container,C1_AM2
47584259186,in_container,J1_AM2
47589219694,sorting,
47578633902,,
47589154568,in_container,G1_AM2
47579770417,in_container,G2_AM2
47577706379,in_container,B7_AM2
47583752171,in_container,C6_AM2
47583789373,in_container,K3_AM2
47568448140,sorting,
47585685340,,
47581748292,in_container,G2_AM2
47588851330,,
47588784842,in_container,G5_AM2
47587956321,in_container,G1_AM2
47578668058,in_container,G2_AM2
47581177969,in_container,C2_AM2
47571794074,in_container,H5_AM2
47588159547,in_container,J1_AM2
47589175962,in_container,I5_AM2
47588782202,,
47588444525,in_container,C3_AM2
47583265267,sorting,
47569644576,,
47588513362,in_container,F1_AM2
47588976972,,
47580112673,sorting,D4_AM2
47588571450,in_container,G4_AM2
47580115394,,
47580755657,,
47580631481,in_container,A2_AM2
47577451327,in_container,H7_AM2
47589032036,in_container,J2_AM2
47581856380,in_container,C2_AM2
47588724671,in_container,G1_AM2
47583277446,in_container,J2_AM2
47589027555,,
47579900130,in_container,H1_AM2
47583689978,in_container,F2_AM2
47580649830,sorting,I6_AM2
47582897700,,
47583065380,in_container,I2_AM2
47574375803,in_container,G4_AM2
47588821875,sorting,I2_AM2
47588682035,in_container,G1_AM2
47579818235,,
47578715865,in_container,G4_AM2
47588843293,in_container,I1_AM2
47580189643,in_container,G4_AM2
47579509003,in_container,J2_AM2
47588666172,in_container,A3_AM2
47576674467,in_container,C5_AM2
47578573437,,
9e43c3be_180a_33ef_96aa_b4f603a47f16,,
47588772708,,
47588880877,in_container,I6_AM2
47577842569,in_container,B3_AM2
47588417772,in_container,B3_AM2
47588928725,in_container,A3_AM2
47588528201,in_container,G2_AM2
47585498762,in_container,G5_AM2
47589204992,in_container,J2_AM2
47588684553,in_container,G5_AM2
47588964833,in_container,C1_AM2
47588677660,sorting,
47571542547,sorting,
47584636241,,
47578911908,,
47585536448,,
47578622229,in_container,F2_AM2
47571339609,,
47589157142,in_container,A1_AM2
47576488230,,H3_AM2
47584511862,in_container,F2_AM2
47580212479,in_container,B5_AM2
47589007233,in_container,B1_AM2
47571550001,in_container,D1_AM2
47583711015,in_container,B1_AM2
47580749046,in_container,J1_AM2
47583673707,sorting,
47588440648,sorting,G5_AM2
47569310663,in_container,F1_AM2
47588981089,,
47588993624,,
47583435582,,
47585154046,in_container,A3_AM2
47588874638,in_container,D4_AM2
47583923065,sorting,
47588094665,,
47588807817,,
47578386584,in_container,I4_AM2
47578701627,sorting,K3_AM2
47588479151,in_container,I3_AM2
47583543788,sorting,
47579937420,in_container,J3_AM2
47589015238,in_container,G4_AM2
47580330946,in_container,J3_AM2
47581863223,in_container,B2_AM2
47578786641,in_container,I4_AM2
47584879571,in_container,F1_AM2
47589021498,sorting,
47585169799,in_container,H3_AM2
47579116592,in_container,K1_AM2
47579898707,in_container,K2_AM2
47578914620,in_container,B5_AM2
47580458729,sorting,
47580138203,in_container,D1_AM2
47580561845,in_container,J3_AM2
47580636921,in_container,J3_AM2
47582582754,in_container,A6_AM2
47580431936,in_container,C2_AM2
47584053193,in_container,B7_AM2
47588515605,in_container,H4_AM2
47584176316,in_container,F2_AM2
47578502929,in_container,B2_AM2
47588988824,,
47582335901,sorting,F1_AM2
47555827288,,
47588990535,in_container,C5_AM2
47578330155,in_container,C5_AM2
47588096009,in_container,G5_AM2
47588456327,in_container,J1_AM2
47588834210,in_container,C2_AM2
47583912615,in_container,J1_AM2
47588373800,in_container,J2_AM2
47580255223,in_container,G6_AM2
47584487487,in_container,C6_AM2
47582553379,in_container,A1_AM2
47588924071,in_container,B2_AM2
47589186622,in_container,C3_AM2
47579734209,in_container,H3_AM2
47578005742,in_container,K2_AM2
47577835661,in_container,K3_AM2
47588982090,in_container,I6_AM2
47583002486,in_container,F1_AM2
47589018822,in_container,B4_AM2
47587871593,in_container,F1_AM2
47583060634,in_container,A5_AM2
47557892498,,
47588699294,in_container,A6_AM2
47580508100,in_container,J3_AM2
47583707905,in_container,D1_AM2
47584507969,in_container,I2_AM2
47584315560,in_container,G6_AM2
47582897424,in_container,F2_AM2
47588353036,in_container,B2_AM2
47584660677,in_container,A2_AM2
47582375581,in_container,B3_AM2
47585450136,in_container,A2_AM2
47588787946,in_container,F1_AM2
47580396298,in_container,F1_AM2
47588355353,in_container,I3_AM2
47583540017,sorting,
47579692244,in_container,J1_AM2
47588402254,in_container,J2_AM2
47580852288,in_container,J1_AM2
47589245998,,
47582668124,in_container,D6_AM2
47579580215,in_container,A3_AM2
47580457462,in_container,D2_AM2
47589024156,in_container,D6_AM2
47584408725,in_container,C5_AM2
47580423599,sorting,
47578365339,in_container,B2_AM2
47588410153,in_container,A4_AM2
47582379431,in_container,I1_AM2
47582814664,in_container,A5_AM2
47588282037,in_container,K6_AM2
47588627283,sorting,
47579278669,in_container,F2_AM2
47578804161,,
47588831694,in_container,A2_AM2
47585003042,,B4_AM2
47572319226,,
47581438260,in_container,D3_AM2
47583972507,,
47578303242,sorting,
47582959100,in_container,C1_AM2
47581666310,in_container,J1_AM2
47583076640,in_container,C4_AM2
47589154552,in_container,J2_AM2
47566337491,sorting,
47588980100,,
47588686118,in_container,A1_AM2
47579832514,,
47577918147,in_container,A4_AM2
47588562176,in_container,A4_AM2
47584826573,in_container,A4_AM2
47575481579,in_container,C7_AM2
47580160631,,
47584256573,in_container,I6_AM2
47583202993,in_container,H3_AM2
47588442655,in_container,A5_AM2
47589018929,,
47589099140,,
47583857987,in_container,I5_AM2
47583114659,,
47589266986,in_container,C1_AM2
47580582717,in_container,I3_AM2
47583993491,sorting,
47578697034,in_container,I5_AM2
47579549203,in_container,J3_AM2
47578529406,in_container,G1_AM2
47584033285,in_container,I4_AM2
47588362313,in_container,A4_AM2
47579072121,sorting,C7_AM2
47588873927,in_container,H3_AM2
47588950128,in_container,F1_AM2
47588973984,sorting,
47588692602,in_container,C4_AM2
47581603247,sorting,
47588630536,in_container,D5_AM2
47579598895,sorting,
47579331400,in_container,A5_AM2
47574784922,,
47588603108,in_container,H6_AM2
47565662197,,
47580346512,in_container,A4_AM2
47588546218,in_container,B6_AM2
47580199962,in_container,K5_AM2
47583156167,sorting,K1_AM2
47583564796,in_container,F1_AM2
47580047500,in_container,J1_AM2
47579675184,sorting,
47584541310,in_container,I2_AM2
47580491219,in_container,A6_AM2
47572229756,,
47578770453,,
47588957878,in_container,J1_AM2
47588553928,sorting,
47580311344,in_container,J2_AM2
47583546850,in_container,C4_AM2
47571989212,in_container,B3_AM2
47580473145,,
47588353441,in_container,C5_AM2
47577833017,sorting,
47580984494,in_container,J3_AM2
47572304694,in_container,I5_AM2
47580373351,in_container,B3_AM2
47579991918,sorting,
47579971709,in_container,J2_AM2
47580928472,in_container,B6_AM2
47579309383,sorting,
47584467041,sorting,
47585348148,,
47588992535,in_container,A2_AM2
47588357438,in_container,A5_AM2
47579363119,in_container,J1_AM2
47578562711,,
47582470400,in_container,D2_AM2
47583532612,in_container,C2_AM2
47589179556,in_container,J1_AM2
47583805819,sorting,
47580024635,in_container,J3_AM2
47580920528,sorting,
47579739032,sorting,C5_AM2
47578851900,in_container,F1_AM2
47587837147,in_container,C6_AM2
47588645773,in_container,A1_AM2
47580508357,in_container,C7_AM2
47579124569,,
47580198891,sorting,
47584265251,,
47588222214,in_container,C5_AM2
47583358130,in_container,H7_AM2
47580566361,sorting,
47589017613,in_container,J1_AM2
47580607365,sorting,
47589024910,in_container,B1_AM2
47583599150,in_container,F2_AM2
47581790507,,
47563632120,,
47583819891,,
47578983613,in_container,A2_AM2
47584972592,in_container,J1_AM2
47588879412,in_container,J3_AM2
47588906928,,
47589067778,in_container,J1_AM2
47584775109,in_container,C4_AM2
47580508501,in_container,D1_AM2
47580824274,,
47580458726,sorting,
47580633955,in_container,I1_AM2
47579724484,in_container,J1_AM2
47583976746,sorting,
47588439588,in_container,G3_AM2
47571951047,in_container,G1_AM2
47583672437,sorting,
47579077791,in_container,H3_AM2
47571709992,in_container,C7_AM2
47588896913,sorting,
47589188242,in_container,H1_AM2
47589053854,in_container,B4_AM2
47589160022,in_container,H2_AM2
47588486749,sorting,
47588824460,in_container,H7_AM2
47588851198,in_container,J1_AM2
47588968595,in_container,C2_AM2
47588949411,,
47577418718,sorting,
47576410638,in_container,B4_AM2
47589120724,,
47588685945,,
47580481249,in_container,I4_AM2
47578872834,in_container,I4_AM2
47580163305,in_container,C4_AM2
47580293982,in_container,I4_AM2
47584405064,sorting,
47582600606,in_container,C7_AM2
47580450869,sorting,
47580076293,in_container,H3_AM2
47588036184,in_container,K2_AM2
47560974604,in_container,G3_AM2
47578613132,in_container,K4_AM2
47577524677,,
47580499994,sorting,
47589191988,in_container,B5_AM2
47589188022,sorting,
47574935653,,
47589273084,in_container,F1_AM2
47580243330,,
47580405407,in_container,J1_AM2
47589224298,sorting,
47583716639,in_container,D1_AM2
47587734083,in_container,C2_AM2
47580194481,in_container,A1_AM2
47554571451,,
47583099539,,
47588734211,in_container,G4_AM2
47582084539,,
47580607689,,D5_AM2
47580532669,in_container,H2_AM2
47584272782,in_container,C2_AM2
47588656003,in_container,G5_AM2
47589032257,,
47588163718,in_container,D4_AM2
47580315500,in_container,I5_AM2
47588754943,in_container,D2_AM2
47580729172,in_container,J3_AM2
47588747129,,
47580556700,sorting,
47578860547,in_container,G3_AM2
47578821770,in_container,I5_AM2
47584135075,in_container,H1_AM2
47577766719,in_container,B2_AM2
47588850645,in_container,H4_AM2
47578914758,in_container,A1_AM2
47580045816,sorting,I6_AM2
47577525628,,
47580057930,in_container,F1_AM2
47588815039,in_container,H5_AM2
47588999710,in_container,G4_AM2
47588933182,in_container,J2_AM2
47589011675,in_container,H7_AM2
47578989083,in_container,D5_AM2
47588953811,in_container,J2_AM2
47578639286,in_container,A3_AM2
47562264805,in_container,D6_AM2
47582394880,sorting,I1_AM2
47589055334,,
47579885510,,
47579310851,in_container,A4_AM2
47580177122,in_container,I6_AM2
47571588311,in_container,B4_AM2
47583242525,in_container,I5_AM2
47580470337,in_container,D4_AM2
47588210500,in_container,G3_AM2
47588182815,in_container,G2_AM2
47579943534,in_container,C2_AM2
47580991060,in_container,I5_AM2
47589152976,,
47578414177,in_container,G6_AM2
47588610903,sorting,
47588389957,in_container,J1_AM2
47580625847,in_container,K1_AM2
47583402616,in_container,G1_AM2
47579177724,in_container,G2_AM2
47583709077,,
47577937838,,
47588329032,in_container,A6_AM2
47588751243,in_container,D2_AM2
47583073783,sorting,K3_AM2
47588649958,in_container,I2_AM2
47580516329,sorting,
47584512234,in_container,B7_AM2
47588942941,in_container,G3_AM2
47584740893,sorting,D2_AM2
47585435100,in_container,B2_AM2
47589205508,in_container,A4_AM2
47588662967,in_container,A4_AM2
47578456194,in_container,A2_AM2
47575021277,in_container,J2_AM2
47584455323,in_container,F1_AM2
47580416725,in_container,G1_AM2
47580749763,sorting,
47588630747,in_container,G3_AM2
47588917316,in_container,D5_AM2
47589084054,in_container,G3_AM2
47582778626,in_container,B6_AM2
47582789108,in_container,A2_AM2
47589159902,in_container,B3_AM2
47588315159,in_container,G3_AM2
47588848727,in_container,C5_AM2
47583095340,sorting,I5_AM2
47589117992,in_container,G2_AM2
47581067871,in_container,C2_AM2
47588910991,in_container,D4_AM2
47551753781,,
47589232116,in_container,A3_AM2
47580528975,sorting,A3_AM2
47588284171,in_container,I4_AM2
47578134890,in_container,H1_AM2
47588800927,in_container,F2_AM2
47580203113,,
47587709491,in_container,F2_AM2
47588620055,in_container,C1_AM2
47580268921,in_container,J1_AM2
47587929409,in_container,G2_AM2
47580943768,in_container,G5_AM2
47584237564,,
47580937448,in_container,I1_AM2
47588088976,in_container,I2_AM2
47580494746,in_container,G6_AM2
47580394818,in_container,G6_AM2
47580319286,in_container,B7_AM2
47588671561,,
47585460326,in_container,I6_AM2
47583517046,in_container,F2_AM2
47579343889,in_container,H2_AM2
47571372112,in_container,C1_AM2
47588017123,in_container,D3_AM2
47588599623,in_container,D3_AM2
47581024996,sorting,D4_AM2
47588659139,,
47588354079,in_container,I5_AM2
47575334270,in_container,G3_AM2
47579920043,in_container,D1_AM2
47582796217,in_container,J2_AM2
47588908024,in_container,J3_AM2
47588817639,in_container,B7_AM2
47579541053,,
47588935287,,
47589064406,sorting,
47584037915,in_container,I5_AM2
47580165638,in_container,I6_AM2
47580426296,,
47588293070,in_container,J2_AM2
47571636098,in_container,C5_AM2
47584763647,sorting,
47584214356,in_container,J3_AM2
47588608965,in_container,K1_AM2
47583892258,in_container,C7_AM2
47588956031,sorting,
47584226444,in_container,F1_AM2
47579087580,sorting,
47580525453,in_container,J1_AM2
47580858018,in_container,D3_AM2
47588634073,in_container,D6_AM2
47588958963,in_container,A4_AM2
47588475875,in_container,H1_AM2
47563824292,in_container,A1_AM2
47571883099,in_container,I6_AM2
47581804921,,
47578658002,in_container,B4_AM2
47568769071,in_container,B4_AM2
47588954982,in_container,J2_AM2
47588936903,in_container,I5_AM2
47578447199,sorting,
47588515231,in_container,J1_AM2
47583368258,in_container,C2_AM2
47589033312,in_container,A3_AM2
47565638827,in_container,J3_AM2
47583925448,in_container,D2_AM2
47584256801,sorting,
47580485831,sorting,
47584882644,in_container,I2_AM2
47584429271,in_container,C6_AM2
47589052812,in_container,A4_AM2
47578166024,,
47581914848,,
47580606093,sorting,A4_AM2
47588728434,in_container,H4_AM2
47584208128,sorting,
47584668331,in_container,F1_AM2
47580146547,in_container,D4_AM2
47588502007,in_container,D6_AM2
47580737900,in_container,G3_AM2
47580525247,sorting,G1_AM2
47584911167,in_container,A5_AM2
47581045316,in_container,I1_AM2
47585002234,in_container,I1_AM2
47577426677,in_container,C1_AM2
47588951352,sorting,
47589052118,,
47588843433,sorting,
47580008256,in_container,C5_AM2
47582907210,sorting,
47580514794,sorting,
47580188406,,
47580652215,in_container,I6_AM2
47588927977,in_container,K3_AM2
47588030231,in_container,J3_AM2
47588528857,in_container,J1_AM2
47577495648,in_container,J3_AM2
47579376860,in_container,G4_AM2
47579705049,in_container,A6_AM2
47589245796,in_container,G1_AM2
47588748705,in_container,C5_AM2
47583961588,in_container,B1_AM2
47584655818,in_container,G3_AM2
47580444452,sorting,
47580172664,in_container,G6_AM2
47584425272,in_container,I4_AM2
47580370466,in_container,G6_AM2
47568811811,in_container,G6_AM2
47584253328,sorting,
47588862904,in_container,G5_AM2
47589060408,in_container,A2_AM2
47589185322,in_container,I2_AM2
47588811443,sorting,
47584693504,in_container,I5_AM2
47583276659,in_container,A1_AM2
47588688677,in_container,I1_AM2
47589029110,sorting,
47583069810,sorting,
47588791522,sorting,A1_AM2
47580344217,sorting,
47580691810,in_container,C2_AM2
47580132915,in_container,K5_AM2
47583012255,,
47588378967,in_container,H5_AM2
47583274696,in_container,D2_AM2
47588055508,,
47588699232,sorting,
47588946969,in_container,H3_AM2
47580238919,in_container,F1_AM2
47588755047,in_container,F1_AM2
47588411049,in_container,J1_AM2
47588080900,in_container,D5_AM2
47580416739,in_container,G1_AM2
47579936956,in_container,J1_AM2
47582978720,in_container,F1_AM2
47589098280,in_container,I2_AM2
47588791981,in_container,B1_AM2
47584873737,in_container,D2_AM2
47589140298,,C1_AM2
47584635249,in_container,J1_AM2
47579860278,in_container,J1_AM2
47553511451,,J1_AM2
47578545520,sorting,
47563288191,,A1_AM2
47588701852,,
47588689349,in_container,A1_AM2
47584296480,,
47577088496,sorting,
47583325949,,
47580802806,,
47584037837,in_container,J1_AM2
47587911369,in_container,A6_AM2
47588811240,in_container,J1_AM2
47588979470,in_container,D3_AM2
47589105312,in_container,B2_AM2
47568484749,,
47588349003,sorting,
47588890449,,
47583027052,in_container,G3_AM2
47588655783,,
47579966001,sorting,
47589030196,in_container,G1_AM2
47580018137,sorting,D3_AM2
47584254093,sorting,
47588074390,in_container,G6_AM2
47588954272,in_container,K3_AM2
47588685166,in_container,H3_AM2
47588931598,in_container,F2_AM2
47579266536,,
47588974809,in_container,H1_AM2
47589274454,in_container,I3_AM2
47580461436,in_container,C1_AM2
47588930915,in_container,G4_AM2
47589027913,in_container,B1_AM2
47584139111,in_container,H7_AM2
47588774301,in_container,C1_AM2
47589009924,,
47577398213,in_container,J1_AM2
47588621310,in_container,J1_AM2
47589295802,in_container,D6_AM2
47580497889,sorting,
47580364941,in_container,I5_AM2
47582494870,in_container,A5_AM2
47563705874,in_container,C2_AM2
47580404216,in_container,I2_AM2
47580611542,in_container,I4_AM2
47587793983,in_container,A2_AM2
47581142108,,
47588294707,in_container,A3_AM2
47578286891,sorting,
47582315079,in_container,A6_AM2
47580982288,in_container,I5_AM2
47584658048,in_container,B6_AM2
47580486988,in_container,H4_AM2
47583673609,in_container,B2_AM2
47588687947,sorting,D4_AM2
47577558963,in_container,D1_AM2
47589233258,in_container,K2_AM2
47588732979,in_container,J2_AM2
47580606693,in_container,G4_AM2
47588481151,in_container,B1_AM2
47589034546,in_container,H3_AM2
47578078220,in_container,C3_AM2
47579495790,in_container,B6_AM2
47583143406,sorting,
47579435034,in_container,B2_AM2
47579430106,in_container,A2_AM2
47588773842,in_container,J1_AM2
47581202405,sorting,
47582158460,sorting,
47583614351,in_container,H7_AM2
47588292601,in_container,A6_AM2
47569138315,in_container,G1_AM2
47589251434,sorting,
47583427557,,
47583814857,,
47588641174,in_container,K4_AM2
47576809595,sorting,
47589047534,in_container,B3_AM2
47588473715,in_container,B4_AM2
47588001488,in_container,J2_AM2
47579969191,,
47582406110,sorting,
47578200524,sorting,
47583183437,sorting,I1_AM2
47588872610,sorting,
47583040097,in_container,C2_AM2
47589217482,,
47589252360,in_container,A3_AM2
47588795830,in_container,H4_AM2
47588159875,sorting,
47588741935,in_container,A4_AM2
47580129723,in_container,H3_AM2
47579164804,,
47588934230,sorting,
47580973450,in_container,D5_AM2
47579667954,,
47579520198,in_container,D1_AM2
47588644369,,
47588062342,in_container,C5_AM2
47580774688,in_container,G1_AM2
47588836605,in_container,F1_AM2
47588648011,sorting,
47582091899,sorting,
47588804593,in_container,A5_AM2
47578765109,in_container,A3_AM2
47583261859,in_container,K6_AM2
47583553821,in_container,H5_AM2
47588608967,in_container,F1_AM2
47588732315,in_container,I3_AM2
47588916846,in_container,I5_AM2
47580307528,in_container,D5_AM2
47584272699,in_container,G2_AM2
47588976548,in_container,G1_AM2
47577509010,in_container,B5_AM2
47589262826,in_container,B5_AM2
47580660995,sorting,
47584528976,sorting,
47555339192,in_container,J3_AM2
47588684959,in_container,B1_AM2
47584080475,in_container,C4_AM2
47587953623,in_container,F2_AM2
47577588334,in_container,G1_AM2
47575260368,sorting,
47585512745,,
47588953391,in_container,C2_AM2
47580713807,,I5_AM2
47588948217,,
47580083443,in_container,I2_AM2
47578952062,in_container,C6_AM2
47589145846,in_container,F1_AM2
47579370710,,
47579628642,in_container,J1_AM2
47583650502,in_container,A1_AM2
47588730798,in_container,J2_AM2
47578977592,in_container,F2_AM2
47589080542,sorting,H3_AM2
47582909517,in_container,D5_AM2
47588958892,in_container,H2_AM2
47588490737,in_container,G5_AM2
47579913582,in_container,F1_AM2
47588571517,in_container,D1_AM2
47588714845,in_container,G2_AM2
47581519537,in_container,D6_AM2
47566446695,,
47563436200,in_container,D2_AM2
47584401241,sorting,C6_AM2
47578702851,,
47588575920,in_container,H3_AM2
47588882786,in_container,D4_AM2
47579828400,in_container,A3_AM2
47588863418,in_container,J2_AM2
47585259777,,
47588877358,in_container,G1_AM2
47579427880,in_container,A6_AM2
47588783990,in_container,F1_AM2
47577467146,in_container,F1_AM2
47588830085,in_container,I1_AM2
47588736019,,
47588933338,in_container,J2_AM2
47588464149,in_container,D1_AM2
47580220611,in_container,G3_AM2
47588493196,sorting,
47580311744,sorting,
47588557185,in_container,B6_AM2
47578044129,in_container,B2_AM2
47578547250,in_container,A4_AM2
47585196726,in_container,K1_AM2
47584681714,sorting,I6_AM2
47578313594,in_container,H5_AM2
47580877082,in_container,C1_AM2
47589036646,in_container,C4_AM2
47589195226,,
47584604414,in_container,G5_AM2
47585631686,,
47582287109,sorting,
47579746876,in_container,J2_AM2
47585073819,in_container,J1_AM2
47578909539,in_container,G6_AM2
47582356350,in_container,B7_AM2
47580529716,sorting,
47589070070,in_container,C3_AM2
47588541176,sorting,
47589207346,in_container,B4_AM2
47589109988,,
47588987678,in_container,J1_AM2
47583540717,in_container,B1_AM2
47577501503,in_container,H2_AM2
47579408761,in_container,H2_AM2
47582712332,sorting,
47577391037,,
47582428213,in_container,G2_AM2
47588860649,in_container,G3_AM2
47588340197,in_container,J2_AM2
47573537746,in_container,C2_AM2
47588673305,in_container,J3_AM2
47588626638,in_container,B2_AM2
47578625163,in_container,B3_AM2
47579978267,sorting,
47589136904,in_container,B4_AM2
47580170087,sorting,
47580403339,in_container,A1_AM2
47589070178,in_container,A4_AM2
47582263877,,
47580606671,in_container,G4_AM2
47584403853,sorting,D1_AM2
47577717605,in_container,H3_AM2
47589224826,,
47588914972,in_container,J1_AM2
47579476265,in_container,C3_AM2
47588380079,,
47577947334,in_container,H5_AM2
47580385397,in_container,A2_AM2
47589225004,sorting,
47582608393,in_container,I1_AM2
47589007616,in_container,I3_AM2
47588711565,in_container,G1_AM2
47580457494,,
47588875821,,
47588967944,in_container,A3_AM2
47588702963,in_container,D5_AM2
47578660713,sorting,
47583158656,in_container,I4_AM2
47578969535,in_container,B2_AM2
47565721113,in_container,B2_AM2
47579813325,in_container,C3_AM2
47579149445,,
47584032510,in_container,A2_AM2
47589102396,,
47570283417,sorting,
47580275992,sorting,
47584035336,in_container,C1_AM2
47582067995,in_container,G5_AM2
47579670192,in_container,C2_AM2
47578471722,in_container,I5_AM2
47588465895,in_container,G5_AM2
47580602415,in_container,H2_AM2
47588876597,in_container,D6_AM2
47580251478,sorting,
47578803742,in_container,I4_AM2
47588645743,in_container,B6_AM2
47589259170,in_container,F2_AM2
47580323157,in_container,A1_AM2
47577343175,in_container,B2_AM2
47583931507,in_container,H4_AM2
47580172529,in_container,H1_AM2
47588747209,in_container,A4_AM2
47587713359,in_container,H3_AM2
47578044335,sorting,H3_AM2
47588950246,in_container,F1_AM2
47588943802,,
47577675478,in_container,A2_AM2
47588358275,in_container,I5_AM2
47588876914,in_container,I1_AM2
47588944605,in_container,A3_AM2
47563738331,in_container,I3_AM2
47588116548,in_container,J3_AM2
47580520657,sorting,
47578639266,in_container,A3_AM2
47578911652,sorting,
47580494422,in_container,G5_AM2
47588838608,in_container,D4_AM2
47588947063,in_container,J2_AM2
47579479289,in_container,G5_AM2
47589247918,in_container,D6_AM2
47580610391,in_container,B1_AM2
47585542478,,
47582780668,,
47580777232,in_container,B5_AM2
47583233958,,B4_AM2
47579091574,in_container,H5_AM2
47588122280,in_container,I2_AM2
47588779453,in_container,J3_AM2
47588397604,in_container,D2_AM2
47574469365,in_container,H2_AM2
47588786925,in_container,A3_AM2
47579726816,in_container,A3_AM2
47588761878,in_container,G6_AM2
47584425432,in_container,I4_AM2
47588544818,in_container,C6_AM2
47582067206,in_container,B3_AM2
47589172160,in_container,D3_AM2
47579714310,in_container,C2_AM2
47588847498,,
47588407453,in_container,F1_AM2
47588913251,,
47579696911,in_container,J2_AM2
47579031090,in_container,C1_AM2
47589042385,in_container,J3_AM2
47589265998,sorting,
47580146629,,
47588957269,in_container,D6_AM2
47584393837,in_container,B4_AM2
47584501962,in_container,C2_AM2
47580613064,in_container,A2_AM2
47589216008,,
47588421851,in_container,H3_AM2
47588635913,in_container,C3_AM2
47578341794,,
47580593607,,
47580599015,in_container,C2_AM2
47580416745,in_container,G1_AM2
47579582365,,
47581506024,sorting,
47580800442,in_container,I1_AM2
47588630881,sorting,H6_AM2
47583044587,in_container,G6_AM2
47571974854,,
47581674475,sorting,
47588870139,in_container,G2_AM2
47571824743,in_container,G2_AM2
47579436975,,
47588541932,in_container,A3_AM2
47580808856,in_container,I1_AM2
47579830783,in_container,J1_AM2
47578354828,in_container,A4_AM2
47580435053,in_container,B6_AM2
47584024017,in_container,A2_AM2
47588812627,in_container,A2_AM2
47583734074,sorting,
47589135778,in_container,A3_AM2
47583857107,in_container,C2_AM2
47578065787,,
47589128598,,
47580335471,sorting,
47589064696,,
47587842487,in_container,I2_AM2
47584555413,in_container,J3_AM2
47583733856,sorting,
47580344699,in_container,J1_AM2
47585110997,,
47589207408,in_container,C1_AM2
47588695559,in_container,G1_AM2
47588920990,,
47578064340,in_container,G2_AM2
47588645311,in_container,A6_AM2
47580770108,in_container,G5_AM2
47589275032,in_container,G5_AM2
47584765876,sorting,G6_AM2
47589124906,in_container,D2_AM2
47579381981,in_container,I3_AM2
47589150564,in_container,A6_AM2
47579811253,in_container,K2_AM2
47588802135,in_container,G1_AM2
47579327930,in_container,I4_AM2
47580214130,sorting,
47578488169,in_container,G4_AM2
47588856066,in_container,C4_AM2
47589051252,,
47588771777,in_container,D1_AM2
47588795070,sorting,
47588868391,in_container,D4_AM2
47588809858,sorting,
47588162680,sorting,
47580794520,in_container,H5_AM2
47578843229,sorting,
47578111664,in_container,F1_AM2
47588689818,in_container,D3_AM2
47588976783,,
47579614043,in_container,C5_AM2
47589096052,in_container,D6_AM2
47583052435,in_container,J3_AM2
47579953090,in_container,G5_AM2
47588891070,in_container,G2_AM2
47576781333,in_container,D5_AM2
47588755165,in_container,J3_AM2
47581004356,in_container,G6_AM2
47588411673,in_container,A4_AM2
47588544223,in_container,H1_AM2
47588418818,in_container,F2_AM2
47584111969,in_container,C7_AM2
47584178219,in_container,B4_AM2
47583017864,sorting,
47588816938,sorting,H2_AM2
47584446066,in_container,J3_AM2
47579556157,in_container,H2_AM2
47589097194,,
47578821992,in_container,I5_AM2
47588639593,in_container,A6_AM2
47588788005,in_container,H2_AM2
47580554847,in_container,G3_AM2
47577759735,in_container,G1_AM2
47583057197,in_container,C1_AM2
47579858125,in_container,H4_AM2
47589204936,in_container,I6_AM2
47583071228,in_container,H3_AM2
47588430091,in_container,C7_AM2
47588564628,in_container,A2_AM2
47588767527,in_container,F2_AM2
47588654042,in_container,A2_AM2
47588834388,in_container,A2_AM2
47587939245,,
47567384198,in_container,D5_AM2
47588843191,in_container,J1_AM2
47579754038,in_container,C2_AM2
47589193664,in_container,G4_AM2
47588329733,in_container,G6_AM2
47577852507,sorting,B2_AM2
47588772563,in_container,A2_AM2
47589134156,,
47580863042,in_container,F1_AM2
47589246224,sorting,
47589215762,in_container,C5_AM2
47579474448,,
47583033841,in_container,J3_AM2
47580309977,sorting,
47587946320,in_container,I3_AM2
47588920319,sorting,C6_AM2
47580331131,,
47583228080,sorting,
47588583378,in_container,G3_AM2
47588590887,in_container,H7_AM2
47588082480,in_container,B3_AM2
47589175404,in_container,B5_AM2
47582878115,sorting,
47587855007,in_container,C4_AM2
47584894806,in_container,I5_AM2
47580398679,in_container,B1_AM2
47583801913,sorting,
47578170061,sorting,D3_AM2
47588608757,,
47584306507,in_container,A3_AM2
47580720704,in_container,H4_AM2
47588419562,in_container,F2_AM2
47588949630,in_container,B6_AM2
47579175149,in_container,J3_AM2
47589212978,in_container,I3_AM2
47585141820,,
47588617905,,
47588441819,sorting,
47578157795,,
47583993486,in_container,K1_AM2
47588813668,in_container,F1_AM2
47589144984,,
47560354416,,
47584876340,in_container,A5_AM2
47554269980,,C1_AM2
47589034530,in_container,G2_AM2
47583952994,in_container,G3_AM2
47580648189,sorting,
47588706356,in_container,J2_AM2
47588613234,in_container,D6_AM2
47589050595,in_container,J1_AM2
47588709019,in_container,C6_AM2
47580952958,in_container,B7_AM2
47588947264,in_container,I6_AM2
47588660829,in_container,C7_AM2
47584502449,in_container,H5_AM2
47588462937,,B4_AM2
47577785120,in_container,A2_AM2
47583948981,in_container,C5_AM2
47581935764,in_container,D4_AM2
47589037577,in_container,G4_AM2
47589124452,in_container,I2_AM2
47588943800,in_container,G1_AM2
47578493803,in_container,B1_AM2
47589296938,in_container,G6_AM2
47587975021,,
47588516673,in_container,G6_AM2
47589197310,sorting,G6_AM2
47579209740,in_container,I6_AM2
47581314198,in_container,A4_AM2
47589131168,in_container,A4_AM2
47588897280,in_container,B2_AM2
47588653384,in_container,B3_AM2
47588380067,in_container,B3_AM2
47568018520,in_container,A2_AM2
47588172521,in_container,H5_AM2
47588592440,in_container,B3_AM2
47584091589,in_container,I3_AM2
47588211482,sorting,
47588775249,in_container,G2_AM2
47588177705,in_container,G1_AM2
47580689203,in_container,I5_AM2
47579614659,in_container,A2_AM2
47577981212,in_container,D3_AM2
47579889591,in_container,A1_AM2
47580226757,sorting,D5_AM2
47588588377,in_container,H3_AM2
47584469126,in_container,C2_AM2
47588615430,in_container,A2_AM2
47579811269,in_container,K2_AM2
47588064887,in_container,D3_AM2
47584620333,in_container,J1_AM2
47588980079,in_container,A3_AM2
47588948457,in_container,A5_AM2
47571671497,in_container,C2_AM2
47578176461,in_container,C3_AM2
47578900278,in_container,I6_AM2
47570305766,sorting,F2_AM2
47588354569,sorting,
47588608733,in_container,H6_AM2
47589304202,in_container,D2_AM2
47588677737,in_container,J1_AM2
47582905236,,
47580492487,in_container,D6_AM2
47588660049,in_container,A6_AM2
47582045919,in_container,J2_AM2
47588982874,in_container,J2_AM2
47580595332,sorting,
47588307564,in_container,A4_AM2
47588832010,in_container,H3_AM2
47588951393,in_container,I6_AM2
47579398750,,
47584605387,sorting,
47587841555,in_container,I2_AM2
47579481162,sorting,
47588345293,sorting,
47579650811,sorting,G4_AM2
47588952501,in_container,A3_AM2
47580899370,sorting,
47582592206,sorting,
47588658971,in_container,A1_AM2
47563763138,,
47583852950,sorting,
47583239332,in_container,C7_AM2
47589206036,,
47588768427,sorting,
47588559378,in_container,H5_AM2
47567921613,,
47589038310,,
47583372897,in_container,G3_AM2
47584777116,sorting,
47584178539,sorting,
47560784300,,
47588595929,in_container,D2_AM2
47577080068,,
47578561268,sorting,A1_AM2
47580428892,sorting,F2_AM2
47588788056,,
47584104640,in_container,B3_AM2
47578608088,in_container,B1_AM2
47583373796,sorting,G1_AM2
47584795655,in_container,I2_AM2
47588708962,in_container,I1_AM2
47588940012,in_container,I5_AM2
47566814137,sorting,
47588331075,in_container,I4_AM2
47577101668,sorting,I4_AM2
47579450886,in_container,H2_AM2
47570200817,,
47577606501,in_container,B2_AM2
47584566898,in_container,B6_AM2
47584012557,,
47588615653,in_container,J3_AM2
47588559066,sorting,
47588821177,sorting,
47580530293,,
47588072527,sorting,
47578911095,in_container,G3_AM2
47580691564,sorting,
47588736599,in_container,F1_AM2
47577767122,in_container,H1_AM2
47580673476,in_container,D5_AM2
47589039147,in_container,D4_AM2
47588807053,in_container,A2_AM2
47588703720,in_container,A2_AM2
47581294977,in_container,F1_AM2
47572034981,,I1_AM2
47589206022,in_container,D3_AM2
47589159798,in_container,A6_AM2
47577288376,in_container,J1_AM2
47583445647,in_container,H6_AM2
47588626725,in_container,I3_AM2
47589231876,in_container,D3_AM2
47588777511,in_container,J2_AM2
47584095789,in_container,I5_AM2
47581361001,sorting,
47583838479,in_container,C2_AM2
47584655548,,
47580053388,in_container,A4_AM2
47584866022,in_container,F2_AM2
47588463291,in_container,A1_AM2
47588009689,sorting,
47584414742,in_container,A4_AM2
47580515921,in_container,K2_AM2
47579611485,,
47588943014,in_container,C4_AM2
47568036763,in_container,C5_AM2
47583817544,in_container,D6_AM2
47589112000,in_container,J1_AM2
47588836383,in_container,I5_AM2
47578499616,sorting,
47579653001,in_container,I2_AM2
47579664655,sorting,G1_AM2
47580546234,in_container,G1_AM2
47580591849,in_container,I2_AM2
47588469871,sorting,
47583960500,in_container,I3_AM2
47571140717,,
47587935114,in_container,I2_AM2
47585317546,in_container,G6_AM2
47588716595,in_container,G6_AM2
47588793686,in_container,C6_AM2
47584336805,in_container,H3_AM2
47588538914,in_container,I6_AM2
47588720261,in_container,B6_AM2
47577614485,in_container,H2_AM2
47579465173,sorting,
47583286000,in_container,B1_AM2
47580515422,sorting,
47588621158,in_container,C5_AM2
47579265382,in_container,C2_AM2
47588139119,sorting,
47578309374,in_container,J2_AM2
47580066087,,B7_AM2
47585042107,in_container,C6_AM2
47579066026,sorting,
47584119180,sorting,C2_AM2
47580223661,in_container,F1_AM2
47584441393,in_container,J1_AM2
47550819972,in_container,G2_AM2
47560974282,in_container,G3_AM2
47588920627,,
47577035663,in_container,B4_AM2
47588681777,in_container,G1_AM2
47588939120,in_container,F1_AM2
47588066786,in_container,H5_AM2
47580665723,sorting,
47580581804,in_container,B4_AM2
47578419970,in_container,G1_AM2
47588970990,sorting,
47577193997,in_container,G6_AM2
47589076406,sorting,
47588563857,in_container,J1_AM2
47580059369,in_container,K5_AM2
47588370881,in_container,C7_AM2
47584522122,in_container,C3_AM2
47578278456,in_container,B6_AM2
47577947368,in_container,H5_AM2
47562212302,in_container,D3_AM2
47588637471,in_container,A5_AM2
47580511610,in_container,A4_AM2
47579544217,in_container,F2_AM2
47584715870,in_container,B4_AM2
47580524285,,
47580296841,in_container,H6_AM2
47582559897,in_container,B1_AM2
47588877421,in_container,A6_AM2
47588711037,in_container,A3_AM2
47580431906,in_container,D5_AM2
47588682789,in_container,G3_AM2
47580925982,in_container,D3_AM2
47588242084,in_container,I4_AM2
47588682400,in_container,F2_AM2
47571802005,in_container,H4_AM2
47585468446,in_container,A1_AM2
47574658942,sorting,
47568627948,,
47588612365,in_container,I2_AM2
47588264326,in_container,D6_AM2
47536007702,in_container,D4_AM2
47581353920,,
47581150582,,
47589184212,in_container,G1_AM2
47579915241,in_container,D5_AM2
47579282658,sorting,
47577529381,in_container,G6_AM2
47579406324,in_container,B7_AM2
47588891296,in_container,F2_AM2
47579273476,in_container,I6_AM2
47563606772,in_container,C3_AM2
47580551889,,
47580607174,in_container,A2_AM2
47589038455,in_container,A6_AM2
47589045929,sorting,
47588328890,in_container,B1_AM2
47589175876,in_container,G5_AM2
47588902844,in_container,B1_AM2
47583787848,in_container,B1_AM2
47581153536,sorting,
47580888096,in_container,I2_AM2
47579695278,in_container,G4_AM2
47580799744,in_container,G6_AM2
47580927424,in_container,H7_AM2
47588417073,,
47583377221,sorting,
47588903428,in_container,I3_AM2
47579176719,in_container,I2_AM2
47578082036,in_container,H4_AM2
47578952084,in_container,C6_AM2
47580178455,sorting,
47589153150,in_container,I2_AM2
47580892516,in_container,J3_AM2
47588333506,in_container,A2_AM2
47584133461,in_container,J1_AM2
47578220696,in_container,B2_AM2
47580440344,in_container,B2_AM2
47580041358,in_container,B5_AM2
47580877194,in_container,H5_AM2
47583281659,,
47589004750,in_container,D3_AM2
47580018740,,
47588659749,,
47589012692,,
47588881454,in_container,J2_AM2
47580395508,in_container,C1_AM2
47589027502,in_container,I3_AM2
47563321300,,
47583311665,in_container,I4_AM2
47579285327,in_container,B7_AM2
47589116702,in_container,A4_AM2
47588362789,in_container,K5_AM2
47579438990,sorting,
47577655113,in_container,D4_AM2
47588324915,in_container,J1_AM2
47577314809,in_container,C2_AM2
47588223819,in_container,C4_AM2
47580268473,in_container,C4_AM2
47588164431,in_container,H2_AM2
47588223837,,
47577280581,in_container,G1_AM2
47588987138,in_container,G1_AM2
47565596283,in_container,H7_AM2
47588698147,in_container,A4_AM2
47588921094,sorting,
47588837077,sorting,
47588457809,in_container,A2_AM2
47588831897,sorting,
47579943052,sorting,
47588862817,in_container,I1_AM2
47588867715,,
47587886165,,
47589057685,,
47583771758,in_container,F1_AM2
47588971421,in_container,D5_AM2
47584358169,sorting,F1_AM2
47580648255,in_container,D3_AM2
47588510581,in_container,J1_AM2
47584356818,in_container,H6_AM2
47589176856,,
47579577767,in_container,K1_AM2
47588358195,in_container,H1_AM2
47583249403,in_container,B2_AM2
47588406381,in_container,D3_AM2
47583129372,,
47579830776,,
47583256963,in_container,D3_AM2
47581019168,sorting,
47588528888,in_container,C4_AM2
47579481022,in_container,C4_AM2
47588882224,in_container,G2_AM2
47580445734,in_container,G3_AM2
47568246922,,
47588489234,in_container,G3_AM2
47578163545,sorting,
47588917946,in_container,J3_AM2
47580770916,in_container,I4_AM2
47588653418,in_container,I4_AM2
47589118446,in_container,B7_AM2
47578320029,sorting,A4_AM2
47571525746,in_container,J2_AM2
47583895110,,
47588742779,in_container,D3_AM2
47580450681,sorting,
47579245700,in_container,B6_AM2
47577546821,in_container,B3_AM2
47584592433,,
47588419971,in_container,H6_AM2
47580915296,in_container,I2_AM2
47580476449,,
47589150018,sorting,
47572099008,sorting,
47580821342,in_container,I2_AM2
47584220498,sorting,
47580368983,sorting,F2_AM2
47581534082,in_container,G2_AM2
47576744654,in_container,K2_AM2
47589006973,,
47579364122,in_container,H4_AM2
47570017594,,
47589170988,in_container,B5_AM2
47578828180,in_container,J1_AM2
47589067992,in_container,I3_AM2
47588407469,in_container,G4_AM2
47588681512,in_container,I3_AM2
47588553070,in_container,J1_AM2
47580073241,,
47580922750,in_container,D1_AM2
47583987397,in_container,D1_AM2
47589092052,in_container,I4_AM2
47588831501,sorting,
47580414341,in_container,I6_AM2
47578769963,sorting,
47580280556,in_container,J3_AM2
47580783332,in_container,J2_AM2
47589238604,in_container,G4_AM2
47578761793,sorting,
47585527390,,
47578573253,in_container,I5_AM2
47584867195,in_container,G3_AM2
47580378325,in_container,G2_AM2
47584355583,in_container,I2_AM2
47583043203,sorting,
47588140806,sorting,H1_AM2
47588140846,in_container,H1_AM2
47580544371,in_container,I6_AM2
47588486468,sorting,
47582242338,sorting,G4_AM2
47588683972,in_container,D5_AM2
47570863232,in_container,A5_AM2
47583054594,in_container,I5_AM2
47588902395,in_container,I1_AM2
47589237636,in_container,C1_AM2
47588803507,in_container,D2_AM2
47588520231,,
47575976824,,C4_AM2
47588654090,in_container,B1_AM2
47567996469,in_container,C1_AM2
47582853019,in_container,I5_AM2
47584258866,in_container,A3_AM2
47588794813,in_container,H4_AM2
47584840683,in_container,H1_AM2
47588974304,sorting,
47580802156,in_container,B3_AM2
47583167301,in_container,B3_AM2
47573506354,in_container,B4_AM2
47580517742,in_container,H5_AM2
47588641844,in_container,F2_AM2
47580307409,in_container,A2_AM2
47589042741,sorting,
47583705275,in_container,C1_AM2
47588801232,in_container,J3_AM2
47580250639,sorting,
47580245573,sorting,I1_AM2
47575158971,in_container,G2_AM2
47577792042,in_container,I1_AM2
47588875944,in_container,J3_AM2
47580975133,,
47588847699,in_container,B1_AM2
47582887219,in_container,H2_AM2
47579064271,in_container,C2_AM2
47584468722,in_container,G3_AM2
47580426403,in_container,D6_AM2
47588893531,in_container,I4_AM2
47571913369,in_container,I4_AM2
47589051608,sorting,
47584511409,in_container,H1_AM2
47580318845,in_container,I2_AM2
47580854801,in_container,J1_AM2
47588827036,in_container,H3_AM2
47578556826,in_container,J3_AM2
47569121410,in_container,J3_AM2
47583775423,sorting,D2_AM2
47579715250,,
47581822218,,
47571269927,in_container,F1_AM2
47580279808,in_container,D3_AM2
47578225026,sorting,G5_AM2
47578934527,sorting,
47580064347,sorting,
47588912031,in_container,A4_AM2
47577657779,in_container,K4_AM2
47588940427,in_container,A2_AM2
47579035288,in_container,F1_AM2
47588489052,in_container,B4_AM2
47578033442,in_container,A2_AM2
47588602373,in_container,B4_AM2
47581052012,in_container,F1_AM2
47582662520,sorting,C4_AM2
47579637326,in_container,G4_AM2
47585084242,in_container,D5_AM2
47580799150,in_container,G2_AM2
47589208678,in_container,H2_AM2
47585194925,in_container,F1_AM2
47584029299,,
47584428855,sorting,
47588153633,in_container,A2_AM2
47577938264,in_container,G1_AM2
47588739067,in_container,G4_AM2
47579044551,,
47578853370,in_container,G3_AM2
47578452704,in_container,D5_AM2
47588898296,in_container,H2_AM2
47580688775,in_container,G1_AM2
47588642069,in_container,I1_AM2
47588957944,sorting,
47582096262,sorting,
47578861729,in_container,C3_AM2
47584816102,in_container,C7_AM2
47577653944,in_container,F1_AM2
47579978107,in_container,G1_AM2
47588964803,in_container,H2_AM2
47580206769,in_container,G2_AM2
47578612069,sorting,G5_AM2
47588962365,in_container,J2_AM2
47588444508,in_container,D4_AM2
47583933588,in_container,D2_AM2
47580889210,in_container,C6_AM2
47588754743,in_container,H4_AM2
47588884853,in_container,D4_AM2
47588703599,in_container,H6_AM2
47588871239,in_container,A3_AM2
47569952911,,
47575333794,in_container,G3_AM2
47588895057,in_container,J2_AM2
47588274841,in_container,G6_AM2
47588377725,in_container,J2_AM2
47588782388,in_container,G1_AM2
47580073736,in_container,G1_AM2
47580612290,in_container,A6_AM2
47584349570,in_container,K1_AM2
47588902874,in_container,A1_AM2
47580125836,in_container,G6_AM2
47588683300,in_container,B2_AM2
47577350291,,
47588797821,in_container,D5_AM2
47588784821,in_container,A5_AM2
47589166286,in_container,B2_AM2
47589033800,in_container,K1_AM2
47588986793,in_container,K1_AM2
47579442808,,
47580490759,sorting,
47575984297,,
47580561919,in_container,C5_AM2
47578411691,in_container,H1_AM2
47582937453,in_container,F2_AM2
47580627212,in_container,H5_AM2
47584720940,sorting,H5_AM2
47587893057,in_container,D4_AM2
47588140737,in_container,C4_AM2
47580951140,sorting,
47588330989,in_container,G3_AM2
47584857790,sorting,
47578081228,in_container,B1_AM2
47588754373,in_container,J2_AM2
47565697374,,
47571591809,in_container,F2_AM2
47583553650,,
47588492557,in_container,F2_AM2
47588377718,in_container,K4_AM2
47584677100,in_container,H3_AM2
47584740370,in_container,K5_AM2
47572108276,in_container,A2_AM2
47588565704,in_container,F2_AM2
47582289863,sorting,D1_AM2
47588888142,in_container,D2_AM2
47589159854,in_container,F1_AM2
47580554673,sorting,D4_AM2
47580192849,in_container,G1_AM2
47589161274,in_container,F1_AM2
47589113730,,
47585702722,,
47589222876,in_container,G1_AM2
47580040592,sorting,G2_AM2
47584841123,in_container,A5_AM2
47588521925,in_container,C6_AM2
47588185381,in_container,A4_AM2
47580431079,in_container,B6_AM2
47588792067,in_container,H4_AM2
47589167974,sorting,
47578553258,in_container,A2_AM2
47580645259,in_container,A2_AM2
47580751244,sorting,
47579624479,sorting,
47557345339,,B3_AM2
47588621407,in_container,J1_AM2
47579942967,,
47578685863,in_container,B1_AM2
47589040755,in_container,J3_AM2
47577468549,in_container,A3_AM2
47579143706,in_container,C6_AM2
47578520773,in_container,G2_AM2
47579399629,in_container,H2_AM2
47589100528,sorting,
47588438477,in_container,H1_AM2
47588043597,,
47569880254,sorting,K1_AM2
47571512473,,
47577245457,in_container,C1_AM2
47587798369,in_container,D1_AM2
47589177712,,
47575260810,sorting,I3_AM2
47571343489,in_container,H1_AM2
47588871595,,
47572126292,,
47584772434,in_container,K1_AM2
47588450691,in_container,B5_AM2
47564904635,,
47579108815,in_container,F1_AM2
47580824172,,
47580296443,in_container,J3_AM2
47588492809,in_container,D3_AM2
47579223096,in_container,G5_AM2
47584386058,sorting,
47588651681,in_container,J2_AM2
47579737472,sorting,
47588429271,,
47580767052,,
47580619618,in_container,J2_AM2
47588941419,in_container,J2_AM2
47566859565,sorting,D1_AM2
47588323544,in_container,I5_AM2
47589077818,in_container,I4_AM2
47578232181,in_container,C7_AM2
47578759497,in_container,I6_AM2
47588796125,in_container,C3_AM2
47578627552,in_container,B3_AM2
47577039330,in_container,H5_AM2
47585521924,,
47588339113,sorting,
47580507419,in_container,J3_AM2
47588726561,in_container,G4_AM2
47580646880,in_container,H2_AM2
47583995868,in_container,I5_AM2
47580732031,in_container,J3_AM2
47580452438,sorting,A3_AM2
47579018037,in_container,G4_AM2
47588640332,in_container,I5_AM2
47584638692,sorting,
47589009080,sorting,
47581125229,in_container,F1_AM2
47580779015,sorting,
47584499734,in_container,I3_AM2
47588504924,,
47587941753,in_container,I3_AM2
47583705635,in_container,G4_AM2
47580226592,sorting,
47580289965,in_container,D3_AM2
47580603745,,
47583826927,in_container,C5_AM2
47580756634,in_container,J3_AM2
47588908952,in_container,G2_AM2
47577581602,in_container,C2_AM2
47584251439,in_container,C5_AM2
47580520687,,I4_AM2
47578755999,in_container,B7_AM2
47581521592,in_container,I3_AM2
47589216746,,
47579659210,sorting,
47589172918,in_container,G2_AM2
47588749115,in_container,C3_AM2
47579864893,in_container,J3_AM2
47588658858,in_container,D4_AM2
47578095974,in_container,K6_AM2
47583047080,in_container,C3_AM2
47580387373,sorting,K1_AM2
47588293019,in_container,K4_AM2
47578548548,in_container,H4_AM2
47579630596,,
47582869213,in_container,C4_AM2
47578027570,in_container,I1_AM2
47588240366,in_container,B5_AM2
47580331066,in_container,C7_AM2
47580714948,in_container,G3_AM2
47588679977,in_container,K2_AM2
47580415686,in_container,H3_AM2
47580666970,,
47578980994,in_container,J1_AM2
47588637240,in_container,J1_AM2
47581494520,in_container,J3_AM2
47589222770,,
47589291450,in_container,A1_AM2
47580312309,in_container,K5_AM2
47583612831,in_container,K2_AM2
47586016060,in_container,A2_AM2
47582916445,in_container,B4_AM2
47582378754,,
47580319532,,
47585307570,,
47584854255,,
47588717503,in_container,I1_AM2
47588842743,in_container,G4_AM2
47589053374,in_container,H2_AM2
47584753468,in_container,H7_AM2
47588639773,in_container,A5_AM2
47583333011,,
47588762119,in_container,J2_AM2
47579572916,in_container,I5_AM2
47589118804,in_container,H4_AM2
47578581930,,
47588549547,in_container,B4_AM2
47578808488,sorting,
47589094600,sorting,
47580329542,in_container,H7_AM2
47588469575,,
47588146153,in_container,D4_AM2
47589064190,in_container,C1_AM2
47571101506,in_container,A5_AM2
47588346003,in_container,B1_AM2
47588957636,in_container,I2_AM2
47580681597,in_container,C1_AM2
47580578754,in_container,B7_AM2
47581091364,in_container,B2_AM2
47588908875,in_container,I5_AM2
47588539159,in_container,D3_AM2
47580462181,sorting,C4_AM2
47588065158,in_container,G1_AM2
47588944737,in_container,G1_AM2
47580581344,sorting,
47588886291,in_container,C4_AM2
47588732686,,
47588746793,sorting,
47589244422,in_container,G4_AM2
47579133819,in_container,I2_AM2
47588779992,sorting,
47578986723,in_container,D6_AM2
47588103248,in_container,H1_AM2
47577665329,in_container,G1_AM2
47580778326,in_container,H7_AM2
47581889577,in_container,G5_AM2
47582289789,in_container,C1_AM2
47587929191,in_container,F1_AM2
47580726038,in_container,D1_AM2
47588794219,in_container,F1_AM2
47577895504,in_container,A3_AM2
47588683507,in_container,F1_AM2
47580111964,in_container,A5_AM2
47589042520,in_container,H1_AM2
47551515273,,
47584323256,in_container,B3_AM2
47582357667,sorting,
47588700942,in_container,J1_AM2
47587688655,in_container,D6_AM2
47584196534,,
47588228189,sorting,
47589134918,in_container,J2_AM2
47584597475,in_container,F1_AM2
47585028101,,
47578826151,sorting,
47565772185,in_container,C6_AM2
47579945195,in_container,C6_AM2
47580414791,in_container,F2_AM2
47580117440,in_container,A1_AM2
47577232217,in_container,C7_AM2
47589129126,in_container,J1_AM2
47588591594,in_container,B1_AM2
47579552811,in_container,G2_AM2
47588924384,in_container,C6_AM2
47583819923,in_container,H4_AM2
47583348517,in_container,F2_AM2
47588719242,in_container,A4_AM2
47589232120,in_container,B6_AM2
47588950543,in_container,K4_AM2
47588906958,in_container,J3_AM2
47578936565,in_container,D1_AM2
47579516062,in_container,J2_AM2
47580793886,in_container,C1_AM2
47580240893,sorting,
47585070491,in_container,H6_AM2
47580680323,,
47575042114,in_container,H2_AM2
47588942256,in_container,H7_AM2
47580319787,in_container,J3_AM2
47581174739,in_container,I3_AM2
47580244316,in_container,D4_AM2
47565789293,,
47584404607,sorting,
47588866398,in_container,G6_AM2
47588635843,,
47580685899,,
47579927066,in_container,H1_AM2
47580285422,in_container,D4_AM2
47580389035,sorting,I5_AM2
47588548655,in_container,C5_AM2
47579313825,in_container,G1_AM2
47577665947,in_container,C2_AM2
47575424769,sorting,
47577269539,sorting,
47589173862,in_container,F1_AM2
47588729537,in_container,D1_AM2
47579868535,in_container,D4_AM2
47579315419,in_container,C1_AM2
47583345111,in_container,I4_AM2
47577357030,in_container,J2_AM2
47585278066,,
47588974010,in_container,I4_AM2
47588565493,in_container,B2_AM2
47588610869,sorting,
47576086458,in_container,G4_AM2
47579157341,sorting,
47588643570,sorting,H4_AM2
47584893172,in_container,I1_AM2
47579759619,in_container,D2_AM2
47585058954,in_container,H6_AM2
47577466188,,
47588572409,in_container,C2_AM2
47579786605,sorting,
47580414674,,
47580676784,in_container,A4_AM2
47579449703,sorting,
47588848871,,
47589100924,in_container,I6_AM2
47588543545,sorting,
47587871925,in_container,J1_AM2
47588533181,in_container,D1_AM2
47589020820,in_container,D2_AM2
47580685037,in_container,I2_AM2
47588538480,in_container,H7_AM2
47587778537,in_container,I2_AM2
47578558133,in_container,H2_AM2
47581963825,in_container,A5_AM2
47588813326,in_container,I1_AM2
47577567513,in_container,C5_AM2
47582897742,in_container,H6_AM2
47579223081,sorting,A3_AM2
b07e1a2b_32d3_378c_bdca_ff0cb28864f0,,
47582569289,in_container,F2_AM2
47583528994,,
47571550158,,
47588914809,in_container,B4_AM2
47583781007,,
47588986449,in_container,D6_AM2
47588670763,in_container,J2_AM2
47584229294,,
47588720342,sorting,
47584663234,in_container,I1_AM2
47588723217,sorting,
47579082839,in_container,A5_AM2
47579061298,sorting,D1_AM2
47588967481,in_container,H6_AM2
47583792724,in_container,A5_AM2
47587722725,in_container,B2_AM2
47585411370,in_container,B4_AM2
47580458588,in_container,F1_AM2
47583489260,in_container,A2_AM2
47588811091,in_container,B5_AM2
47580599411,in_container,J2_AM2
47577756069,in_container,G3_AM2
47580807186,in_container,D3_AM2
47582687629,in_container,H2_AM2
47588893340,in_container,I2_AM2
47579923631,in_container,G3_AM2
47588773923,in_container,G5_AM2
47578753433,in_container,I2_AM2
47589187822,,
47589197306,in_container,D5_AM2
47588996578,,
47578924586,in_container,G2_AM2
47588552400,in_container,C4_AM2
47589223692,,
47583476607,in_container,H2_AM2
47588716776,in_container,H2_AM2
47579648038,sorting,H2_AM2
47588816303,in_container,J1_AM2
47575478702,,
47588661949,in_container,C3_AM2
47579432352,sorting,
47583883177,in_container,I3_AM2
47580188587,sorting,D4_AM2
47589042546,sorting,
47581733077,sorting,H2_AM2
47588997572,in_container,D5_AM2
47579159248,sorting,
47584281859,,
47580286147,in_container,C2_AM2
47578095215,sorting,
47588408009,in_container,A5_AM2
47583666434,,
47580577088,in_container,H1_AM2
47588392463,in_container,H4_AM2
47580341443,sorting,I6_AM2
47577428692,in_container,I6_AM2
47588141485,in_container,K1_AM2
47548694903,,H5_AM2
47584369535,sorting,
47580521738,in_container,C1_AM2
47588734160,in_container,D3_AM2
47588507379,in_container,G1_AM2
47589214314,sorting,
47572958105,in_container,D3_AM2
47580520341,in_container,H1_AM2
47588197887,in_container,A4_AM2
47583548446,sorting,
47588633125,in_container,I1_AM2
47580493945,in_container,C4_AM2
47589001698,sorting,
47569094987,in_container,B1_AM2
47583913734,sorting,
47577965851,in_container,C6_AM2
47585683792,,
47588886219,in_container,H4_AM2
47585058749,,
47589164964,in_container,A4_AM2
47581621312,in_container,A1_AM2
47580393467,in_container,F2_AM2
47584440965,in_container,J3_AM2
47579930531,in_container,D5_AM2
47579997606,in_container,H7_AM2
47589032253,in_container,I1_AM2
47588406991,in_container,G2_AM2
47580707739,in_container,G1_AM2
47588688790,in_container,D2_AM2
47580038499,sorting,
47589169926,sorting,
47588779123,sorting,
47589271084,in_container,B2_AM2
47588935638,in_container,F1_AM2
47588684363,in_container,D2_AM2
47589016769,in_container,I3_AM2
47589109466,in_container,G1_AM2
47588951250,,
47588433053,in_container,A3_AM2
47581114168,in_container,C2_AM2
47589222996,in_container,G5_AM2
47578068829,in_container,J3_AM2
47580860980,in_container,J3_AM2
47583356545,in_container,G6_AM2
47588134513,in_container,B4_AM2
47580466941,in_container,J3_AM2
47589051347,in_container,H1_AM2
47580116326,,H2_AM2
47588839073,in_container,I6_AM2
47588944267,in_container,B1_AM2
47584450348,,
47588800889,,
47575380701,in_container,H3_AM2
47589217974,in_container,B1_AM2
47588117463,in_container,H3_AM2
47588323330,,
47579774152,sorting,
47589048142,,
47588878727,in_container,D2_AM2
47580113842,sorting,
47567238415,in_container,I3_AM2
47587770145,in_container,C1_AM2
47588458959,sorting,
47589300880,in_container,D6_AM2
47588943622,in_container,I5_AM2
47589250714,,
47585085146,in_container,D1_AM2
47588828259,in_container,I2_AM2
47588476022,in_container,J2_AM2
47580240399,in_container,F2_AM2
47570631373,in_container,H1_AM2
47580632574,sorting,
47580375445,in_container,F2_AM2
47584617707,in_container,H3_AM2
47583798392,in_container,I6_AM2
47588418349,in_container,B4_AM2
47588909506,in_container,A5_AM2
47580729679,sorting,
47582573368,,C4_AM2
47584552725,in_container,H6_AM2
47578573039,,
47565534039,,
47580017173,sorting,H4_AM2
47588830444,in_container,H3_AM2
47574409881,,
47589015469,in_container,C5_AM2
47581150784,in_container,C5_AM2
47580796384,,
47588683172,in_container,C1_AM2
47589016910,in_container,D1_AM2
47584851048,in_container,D3_AM2
47577537708,in_container,C1_AM2
47588667348,in_container,J2_AM2
47580579780,in_container,I3_AM2
47555121082,,
47589142908,,
47580630807,in_container,G4_AM2
47588894760,in_container,H1_AM2
47580107680,sorting,
47584935647,in_container,K5_AM2
47583517427,in_container,K2_AM2
47589048319,in_container,K1_AM2
47578694795,in_container,B5_AM2
47577150812,sorting,
47578014584,,
47588047115,sorting,
47580646155,in_container,C1_AM2
47582141049,in_container,I3_AM2
47578800539,in_container,I2_AM2
47582380748,,
47580143510,sorting,
47584423780,sorting,F1_AM2
47588416774,in_container,G6_AM2
47581049204,in_container,I1_AM2
47589147286,in_container,C1_AM2
47580631866,in_container,G5_AM2
47583470999,in_container,I5_AM2
47582126319,in_container,B6_AM2
47580551069,in_container,A3_AM2
47583475744,in_container,H5_AM2
47584853296,sorting,
47588894071,in_container,I1_AM2
47588458758,in_container,H6_AM2
47588806983,in_container,C3_AM2
47588005710,in_container,F1_AM2
47588474645,in_container,A1_AM2
47583089413,,
47580733561,sorting,D4_AM2
47579697327,in_container,A1_AM2
47588897807,,
47579092778,in_container,K6_AM2
47589001712,sorting,
47588584690,in_container,H4_AM2
47584526242,sorting,
47581799085,sorting,K3_AM2
47588572179,in_container,B3_AM2
47584905895,in_container,A2_AM2
47589171308,,
47583136101,in_container,J1_AM2
47589071706,in_container,C5_AM2
47578968643,in_container,G2_AM2
47578332514,,
47589096948,in_container,I2_AM2
47589156066,in_container,B1_AM2
47584131803,sorting,I2_AM2
47579822708,in_container,H7_AM2
47578846149,in_container,C4_AM2
47580458193,sorting,
47588628065,in_container,H1_AM2
47588780508,,
47580641772,in_container,A4_AM2
47588945780,sorting,
47588772459,in_container,F1_AM2
47589083440,in_container,D3_AM2
47580376600,,
47577421927,,
47578408484,in_container,D6_AM2
47580130807,,
47588772797,in_container,G5_AM2
47588574860,in_container,G1_AM2
47588306613,sorting,
47583543633,in_container,C4_AM2
47589253910,in_container,D1_AM2
47581538830,in_container,I3_AM2
47588335422,in_container,G6_AM2
47580315276,in_container,H4_AM2
47588908346,sorting,A4_AM2
47577512811,in_container,H3_AM2
47584706426,sorting,D3_AM2
47580730854,in_container,G2_AM2
47588612613,in_container,C4_AM2
47580650816,in_container,J2_AM2
47572321826,in_container,J1_AM2
47588703793,in_container,H2_AM2
47588331073,in_container,F1_AM2
47580020004,,
47582275549,in_container,C2_AM2
47585742320,,
47584519736,sorting,
47579993309,in_container,J2_AM2
47588619323,in_container,D1_AM2
47580872800,in_container,I2_AM2
47589055700,in_container,J3_AM2
47588679507,,
47583616599,in_container,G6_AM2
47588825854,in_container,I4_AM2
47588722519,,C7_AM2
47588551771,in_container,C7_AM2
47579288763,in_container,I6_AM2
47580136090,in_container,B5_AM2
47589284402,sorting,
47588186998,sorting,
47584721206,in_container,D3_AM2
47588707848,in_container,J1_AM2
47588518111,in_container,I5_AM2
47582835275,in_container,D6_AM2
47583186866,in_container,G5_AM2
47578470222,in_container,G3_AM2
47588929545,in_container,J3_AM2
47580433865,in_container,A3_AM2
47580512950,in_container,C3_AM2
47588942589,in_container,H1_AM2
47582086634,in_container,G2_AM2
47584361334,in_container,A4_AM2
47588958974,in_container,H1_AM2
47587832241,in_container,J3_AM2
47580078473,in_container,F1_AM2
47582786692,sorting,
47578259241,in_container,B4_AM2
47588581741,in_container,C3_AM2
47580798852,in_container,F1_AM2
47571710994,sorting,
47570390619,in_container,H7_AM2
47582850713,in_container,D1_AM2
47589215366,in_container,J2_AM2
47577453035,in_container,A3_AM2
47588967468,sorting,
47580325739,in_container,G5_AM2
47589100158,,
47584551793,in_container,F2_AM2
47579879507,in_container,A4_AM2
47580627295,in_container,
47577436594,in_container,K2_AM2
47577913980,,B4_AM2
47585091312,in_container,A2_AM2
47588890935,in_container,B5_AM2
47589201336,in_container,F1_AM2
47588633395,in_container,D5_AM2
47584686116,in_container,J2_AM2
47584854507,,
47581925715,,
47588837317,,
47584595182,in_container,I3_AM2
47588647369,in_container,C6_AM2
47584185257,in_container,C6_AM2
47584888078,in_container,K2_AM2
47589184480,in_container,A2_AM2
47579537425,,
47581724847,,
47587879663,in_container,I5_AM2
47588381036,in_container,G2_AM2
47588902899,,
47589088102,in_container,J2_AM2
47583786512,in_container,I2_AM2
47579353321,,
47583128013,in_container,F1_AM2
47589127424,in_container,D4_AM2
47588312042,,A5_AM2
47580643881,,
47568212091,,
47588348941,in_container,B2_AM2
47588794537,in_container,H4_AM2
47589141956,in_container,A1_AM2
47588564695,in_container,A1_AM2
47588925363,,
47569731874,,
47578956533,sorting,
47588935739,in_container,C5_AM2
47579943247,,
47589020087,,
47588858261,in_container,G3_AM2
47579627465,sorting,
47589225410,in_container,B4_AM2
47580908128,,
47588574562,,
47588936769,sorting,
47584144263,sorting,
47585322418,in_container,D5_AM2
47589036872,in_container,J3_AM2
47588825041,in_container,F2_AM2
47587718301,in_container,D5_AM2
47588421351,in_container,D6_AM2
47583237983,,
47587873445,sorting,D3_AM2
47588933862,in_container,F2_AM2
47579404430,in_container,B3_AM2
47580696237,in_container,A2_AM2
47588861830,in_container,D2_AM2
47588523222,in_container,D3_AM2
47580136900,in_container,J2_AM2
47580241187,in_container,J1_AM2
47579346333,,
47580448899,,
47589273046,,
47578107168,in_container,G2_AM2
47577564245,in_container,G5_AM2
47588735911,in_container,I1_AM2
47588038097,in_container,F2_AM2
47588837137,in_container,H1_AM2
47578502993,sorting,B2_AM2
47588919857,in_container,B2_AM2
47579124907,in_container,K3_AM2
47584007797,in_container,C7_AM2
47580154548,in_container,B4_AM2
47589021012,in_container,D6_AM2
47578604655,sorting,G3_AM2
47567440418,sorting,
47580347270,,
47589301194,in_container,G4_AM2
47579905979,in_container,H3_AM2
47578401584,in_container,B5_AM2
47588223944,in_container,C5_AM2
47580595632,in_container,J1_AM2
47579851389,in_container,G3_AM2
47580772589,in_container,C2_AM2
47589016792,in_container,J3_AM2
47584381153,sorting,I5_AM2
47580885404,sorting,I5_AM2
47589072104,in_container,A5_AM2
47580260997,in_container,A5_AM2
47588826393,in_container,D4_AM2
47560701672,,
47582241193,in_container,C4_AM2
47588872327,in_container,I1_AM2
47583498814,in_container,G1_AM2
47580542162,in_container,G6_AM2
47588937862,in_container,G6_AM2
47580163205,in_container,K2_AM2
47584380413,sorting,C7_AM2
47578245147,sorting,I6_AM2
47579837327,in_container,C3_AM2
47577460135,sorting,A4_AM2
47580315396,sorting,
47580665951,,
47588336483,in_container,F1_AM2
47588736242,,
47588619563,in_container,D4_AM2
47580330189,,
47578899321,in_container,G2_AM2
47584717757,sorting,
47585146537,,
47584735960,in_container,I4_AM2
47580520671,in_container,I4_AM2
47587899511,in_container,I4_AM2
47588769280,in_container,C6_AM2
47588063055,in_container,C2_AM2
47588670176,in_container,C2_AM2
47588261375,,
47580333066,in_container,J1_AM2
47588972000,in_container,F1_AM2
47578737842,in_container,G4_AM2
47588969656,in_container,A5_AM2
47580141716,in_container,I5_AM2
47578872802,in_container,I4_AM2
47584775790,,
47588604809,in_container,A3_AM2
47580113997,in_container,D1_AM2
47580669388,,
47579342471,in_container,I6_AM2
47583590378,in_container,B3_AM2
47581623612,,
47588746839,in_container,J1_AM2
47589081582,,
47580562131,in_container,C5_AM2
47588931840,in_container,I2_AM2
47588713015,,
47588201066,in_container,A4_AM2
47588084699,in_container,H4_AM2
47582815781,sorting,
47580145970,in_container,A1_AM2
47588419580,sorting,
47588802985,,
47571057043,,
47577490310,in_container,A5_AM2
47589070870,in_container,A6_AM2
47589138174,in_container,G3_AM2
47588346764,in_container,D4_AM2
47588360227,in_container,I5_AM2
47589229336,in_container,F1_AM2
47585706656,,
47577022614,in_container,B1_AM2
47583243163,sorting,
47588826219,sorting,
47585350303,sorting,
47588968915,in_container,H2_AM2
47588606284,in_container,I5_AM2
47588043633,in_container,D4_AM2